Order_ID,Customer_ID,Product_ID,Order_Date,Quantity,Occasion
O0001,C262,P058,2025-02-27,5,Anniversary
O0002,C138,P023,2025-10-06,3,Christmas
O0003,C422,P033,2025-01-22,4,Christmas
O0004,C112,P061,2025-08-06,1,Valentine's Day
O0005,C153,P026,2025-01-17,4,Mother's Day
O0006,C179,P047,2025-02-14,4,Anniversary
O0007,C398,P031,2025-05-02,2,New Year
O0008,C353,P084,2025-06-29,5,Raksha Bandhan
O0009,C085,P044,2025-11-12,2,Valentine's Day
O0010,C417,P086,2025-04-16,1,New Year
O0011,C180,P020,2025-09-30,3,New Year
O0012,C276,P049,2025-03-28,3,Mother's Day
O0013,C149,P075,2025-10-21,3,Christmas
O0014,C461,P027,2025-12-14,1,Wedding
O0015,C493,P087,2025-07-30,1,Mother's Day
O0016,C444,P017,2025-12-02,2,Wedding
O0017,C128,P099,2025-03-16,3,Valentine's Day
O0018,C390,P074,2025-12-13,4,Diwali
O0019,C073,P041,2025-10-23,3,Raksha Bandhan
O0020,C193,P073,2025-08-20,1,Anniversary
O0021,C207,P059,2025-09-21,3,Father's Day
O0022,C233,P007,2025-09-07,3,New Year
O0023,C002,P009,2025-02-17,4,Father's Day
O0024,C436,P060,2025-02-02,5,Raksha Bandhan
O0025,C112,P020,2025-08-08,2,Diwali
O0026,C138,P009,2025-06-15,3,Father's Day
O0027,C281,P097,2025-10-23,2,New Year
O0028,C437,P066,2025-09-06,3,Birthday
O0029,C024,P058,2025-02-20,4,Birthday
O0030,C064,P058,2025-03-22,4,Diwali
O0031,C001,P041,2025-08-08,2,Wedding
O0032,C452,P053,2025-11-29,3,Wedding
O0033,C448,P074,2025-05-21,1,Father's Day
O0034,C129,P011,2025-02-12,3,Wedding
O0035,C027,P071,2025-07-22,3,Valentine's Day
O0036,C220,P085,2025-12-02,1,Anniversary
O0037,C001,P076,2025-04-20,4,Anniversary
O0038,C068,P099,2025-10-31,2,Christmas
O0039,C349,P072,2025-08-16,1,Birthday
O0040,C357,P088,2025-06-25,1,Raksha Bandhan
O0041,C356,P063,2025-03-09,4,Anniversary
O0042,C118,P037,2025-07-16,1,Anniversary
O0043,C053,P010,2025-06-10,3,Mother's Day
O0044,C071,P078,2025-07-15,2,Wedding
O0045,C036,P074,2025-09-29,5,Birthday
O0046,C313,P055,2025-11-29,2,Diwali
O0047,C180,P041,2025-04-20,2,Raksha Bandhan
O0048,C316,P052,2025-12-18,4,Valentine's Day
O0049,C045,P008,2025-02-21,2,Anniversary
O0050,C302,P042,2025-07-16,3,Raksha Bandhan
O0051,C162,P010,2025-03-13,2,Mother's Day
O0052,C331,P049,2025-02-13,2,Christmas
O0053,C308,P061,2025-11-04,5,Mother's Day
O0054,C399,P042,2025-12-20,1,Mother's Day
O0055,C106,P066,2025-09-23,5,Christmas
O0056,C097,P096,2025-07-20,3,Birthday
O0057,C402,P035,2025-05-03,4,Raksha Bandhan
O0058,C058,P037,2025-05-04,4,New Year
O0059,C037,P047,2025-09-28,1,Father's Day
O0060,C479,P006,2025-06-12,2,Raksha Bandhan
O0061,C441,P088,2025-10-19,4,Father's Day
O0062,C280,P047,2025-12-16,2,Diwali
O0063,C489,P057,2025-02-07,1,New Year
O0064,C035,P037,2025-01-08,3,Valentine's Day
O0065,C021,P003,2025-01-31,4,Christmas
O0066,C147,P018,2025-11-18,5,Raksha Bandhan
O0067,C217,P049,2025-12-26,4,Anniversary
O0068,C328,P073,2025-10-02,5,New Year
O0069,C079,P051,2025-05-23,1,Mother's Day
O0070,C041,P051,2025-09-19,2,Wedding
O0071,C275,P094,2025-06-17,4,New Year
O0072,C325,P094,2025-11-29,1,Mother's Day
O0073,C358,P008,2025-08-12,2,Birthday
O0074,C126,P034,2025-02-14,4,Anniversary
O0075,C233,P006,2025-11-10,5,Birthday
O0076,C159,P093,2025-12-08,2,Anniversary
O0077,C007,P020,2025-12-29,2,Birthday
O0078,C084,P041,2025-09-12,3,Christmas
O0079,C265,P092,2025-05-13,2,Father's Day
O0080,C065,P100,2025-05-18,1,Birthday
O0081,C172,P062,2025-08-08,3,Christmas
O0082,C033,P038,2025-05-15,5,Anniversary
O0083,C255,P034,2025-08-22,5,Father's Day
O0084,C029,P029,2025-09-13,5,Wedding
O0085,C189,P078,2025-03-22,3,Anniversary
O0086,C458,P045,2025-10-21,1,Valentine's Day
O0087,C380,P074,2025-09-18,1,Birthday
O0088,C440,P078,2025-01-07,2,Birthday
O0089,C242,P004,2025-07-06,4,Wedding
O0090,C092,P059,2025-01-19,5,Raksha Bandhan
O0091,C115,P082,2025-06-14,2,Raksha Bandhan
O0092,C469,P070,2025-06-13,3,Anniversary
O0093,C293,P046,2025-07-10,1,Christmas
O0094,C345,P038,2025-01-27,2,Valentine's Day
O0095,C412,P077,2025-09-22,1,Raksha Bandhan
O0096,C036,P074,2025-08-27,3,Mother's Day
O0097,C168,P034,2025-02-14,5,Diwali
O0098,C005,P049,2025-07-08,2,Mother's Day
O0099,C289,P052,2025-06-05,5,Valentine's Day
O0100,C238,P084,2025-07-08,5,Diwali
O0101,C396,P088,2025-04-11,5,Valentine's Day
O0102,C078,P013,2025-01-04,4,Birthday
O0103,C120,P074,2025-10-05,3,Birthday
O0104,C487,P087,2025-06-21,1,Raksha Bandhan
O0105,C435,P033,2025-06-07,1,Valentine's Day
O0106,C272,P023,2025-05-02,4,Diwali
O0107,C493,P090,2025-01-31,2,Mother's Day
O0108,C048,P060,2025-01-23,2,Christmas
O0109,C212,P003,2025-12-25,3,Diwali
O0110,C499,P019,2025-02-13,5,Anniversary
O0111,C259,P039,2025-03-10,4,Anniversary
O0112,C304,P004,2025-10-18,1,Raksha Bandhan
O0113,C340,P038,2025-03-08,2,Mother's Day
O0114,C134,P039,2025-06-11,4,Father's Day
O0115,C163,P089,2025-08-20,3,Valentine's Day
O0116,C039,P023,2025-04-14,2,New Year
O0117,C056,P035,2025-03-21,1,Wedding
O0118,C231,P045,2025-08-27,3,Raksha Bandhan
O0119,C062,P069,2025-10-02,3,Valentine's Day
O0120,C232,P058,2025-06-07,4,Mother's Day
O0121,C437,P021,2025-03-03,1,Wedding
O0122,C414,P031,2025-12-18,3,New Year
O0123,C021,P089,2025-04-21,3,Wedding
O0124,C047,P007,2025-12-31,2,Father's Day
O0125,C203,P015,2025-09-20,1,Mother's Day
O0126,C134,P077,2025-03-31,1,Raksha Bandhan
O0127,C438,P026,2025-08-20,5,Christmas
O0128,C128,P032,2025-02-18,4,Anniversary
O0129,C412,P076,2025-03-13,1,Birthday
O0130,C032,P034,2025-04-24,2,Valentine's Day
O0131,C422,P060,2025-07-25,3,Anniversary
O0132,C299,P079,2025-10-28,3,Anniversary
O0133,C012,P058,2025-02-03,2,Diwali
O0134,C415,P040,2025-03-07,1,Father's Day
O0135,C063,P016,2025-01-22,4,Birthday
O0136,C087,P080,2025-10-21,4,Raksha Bandhan
O0137,C255,P035,2025-01-16,4,Raksha Bandhan
O0138,C089,P026,2025-07-01,2,Wedding
O0139,C141,P019,2025-05-24,4,Wedding
O0140,C018,P070,2025-11-11,5,New Year
O0141,C126,P049,2025-11-28,3,Diwali
O0142,C211,P030,2025-10-09,4,Birthday
O0143,C045,P015,2025-05-24,4,Wedding
O0144,C215,P052,2025-04-13,5,Valentine's Day
O0145,C323,P070,2025-10-06,1,Raksha Bandhan
O0146,C401,P019,2025-07-03,4,Christmas
O0147,C401,P006,2025-09-06,3,New Year
O0148,C258,P062,2025-06-14,4,Mother's Day
O0149,C093,P008,2025-01-14,3,New Year
O0150,C113,P054,2025-01-16,3,Birthday
O0151,C415,P068,2025-08-30,5,Father's Day
O0152,C393,P013,2025-10-27,2,Wedding
O0153,C052,P070,2025-05-07,2,Mother's Day
O0154,C274,P077,2025-01-29,2,New Year
O0155,C434,P064,2025-07-18,3,Wedding
O0156,C091,P009,2025-05-02,5,Father's Day
O0157,C413,P025,2025-12-24,3,New Year
O0158,C015,P032,2025-12-27,3,New Year
O0159,C289,P063,2025-03-14,5,Valentine's Day
O0160,C429,P057,2025-09-10,5,Mother's Day
O0161,C090,P090,2025-09-09,1,Anniversary
O0162,C029,P098,2025-04-30,5,Valentine's Day
O0163,C011,P013,2025-09-27,4,Birthday
O0164,C170,P093,2025-11-11,2,Wedding
O0165,C175,P047,2025-04-01,3,Birthday
O0166,C012,P045,2025-03-17,5,Wedding
O0167,C397,P039,2025-02-26,5,Father's Day
O0168,C492,P099,2025-02-07,3,Raksha Bandhan
O0169,C301,P019,2025-02-21,3,Mother's Day
O0170,C166,P077,2025-03-11,2,Raksha Bandhan
O0171,C406,P094,2025-11-24,4,Father's Day
O0172,C090,P065,2025-12-29,5,New Year
O0173,C403,P002,2025-07-02,2,New Year
O0174,C418,P100,2025-03-31,4,Mother's Day
O0175,C376,P099,2025-12-19,3,Wedding
O0176,C091,P096,2025-01-01,5,Raksha Bandhan
O0177,C436,P094,2025-10-18,1,Wedding
O0178,C309,P024,2025-06-12,5,Valentine's Day
O0179,C328,P034,2025-10-17,1,Diwali
O0180,C073,P079,2025-06-19,1,Valentine's Day
O0181,C178,P081,2025-06-13,2,Anniversary
O0182,C421,P078,2025-12-29,3,Diwali
O0183,C006,P089,2025-05-16,2,Valentine's Day
O0184,C355,P012,2025-02-04,3,Mother's Day
O0185,C403,P082,2025-02-25,1,Birthday
O0186,C198,P046,2025-08-13,4,Wedding
O0187,C453,P016,2025-07-31,4,Raksha Bandhan
O0188,C180,P087,2025-10-07,4,Anniversary
O0189,C425,P026,2025-09-03,5,Valentine's Day
O0190,C084,P095,2025-08-20,1,Birthday
O0191,C151,P081,2025-01-11,3,Mother's Day
O0192,C488,P062,2025-02-23,1,Father's Day
O0193,C088,P084,2025-07-12,2,Anniversary
O0194,C281,P061,2025-02-17,3,New Year
O0195,C315,P060,2025-09-05,1,Raksha Bandhan
O0196,C483,P079,2025-12-01,2,New Year
O0197,C456,P013,2025-08-11,2,Birthday
O0198,C052,P014,2025-06-19,2,Valentine's Day
O0199,C210,P063,2025-12-23,5,Christmas
O0200,C136,P020,2025-12-05,3,Mother's Day
O0201,C122,P094,2025-02-19,1,Raksha Bandhan
O0202,C293,P015,2025-10-09,4,Wedding
O0203,C028,P064,2025-07-04,1,Raksha Bandhan
O0204,C045,P021,2025-05-31,5,Diwali
O0205,C103,P013,2025-02-19,1,Valentine's Day
O0206,C088,P056,2025-11-23,3,Anniversary
O0207,C243,P020,2025-03-01,3,Raksha Bandhan
O0208,C242,P023,2025-09-08,3,Anniversary
O0209,C329,P059,2025-10-06,4,Wedding
O0210,C190,P059,2025-07-15,3,Wedding
O0211,C229,P025,2025-01-23,3,Diwali
O0212,C239,P095,2025-05-15,2,Mother's Day
O0213,C289,P073,2025-02-01,2,Anniversary
O0214,C044,P052,2025-12-09,3,Christmas
O0215,C212,P100,2025-10-29,2,Christmas
O0216,C032,P026,2025-07-18,5,Raksha Bandhan
O0217,C495,P061,2025-10-02,4,New Year
O0218,C452,P061,2025-05-01,4,Mother's Day
O0219,C041,P047,2025-07-22,1,Christmas
O0220,C293,P074,2025-09-22,5,New Year
O0221,C076,P093,2025-03-03,4,Wedding
O0222,C486,P009,2025-03-27,2,Valentine's Day
O0223,C065,P090,2025-01-22,4,Anniversary
O0224,C350,P078,2025-08-11,2,Wedding
O0225,C428,P011,2025-11-01,3,Father's Day
O0226,C467,P001,2025-02-04,1,Raksha Bandhan
O0227,C285,P010,2025-07-23,5,Father's Day
O0228,C439,P057,2025-05-22,5,Diwali
O0229,C470,P091,2025-01-07,5,New Year
O0230,C268,P005,2025-08-03,1,Raksha Bandhan
O0231,C077,P092,2025-03-17,5,New Year
O0232,C299,P045,2025-02-21,1,New Year
O0233,C400,P045,2025-02-21,3,Christmas
O0234,C451,P090,2025-06-26,4,Mother's Day
O0235,C197,P064,2025-12-02,4,New Year
O0236,C312,P006,2025-08-31,1,Wedding
O0237,C142,P099,2025-07-26,2,New Year
O0238,C312,P094,2025-12-15,4,Birthday
O0239,C203,P096,2025-06-19,2,Birthday
O0240,C382,P074,2025-09-01,3,Father's Day
O0241,C011,P004,2025-06-22,3,Mother's Day
O0242,C144,P040,2025-09-09,1,Valentine's Day
O0243,C069,P040,2025-06-03,4,Father's Day
O0244,C138,P011,2025-08-02,5,Anniversary
O0245,C097,P026,2025-08-15,2,Raksha Bandhan
O0246,C380,P008,2025-09-06,5,Father's Day
O0247,C421,P085,2025-01-29,5,Wedding
O0248,C034,P057,2025-06-09,5,Raksha Bandhan
O0249,C070,P076,2025-09-26,5,Birthday
O0250,C089,P069,2025-04-09,2,Birthday
O0251,C128,P054,2025-01-17,4,Birthday
O0252,C471,P085,2025-07-04,2,Mother's Day
O0253,C189,P050,2025-08-26,5,Raksha Bandhan
O0254,C326,P079,2025-03-05,1,Valentine's Day
O0255,C191,P010,2025-09-08,5,Diwali
O0256,C091,P032,2025-08-31,5,Christmas
O0257,C180,P096,2025-06-26,2,Mother's Day
O0258,C384,P080,2025-12-19,1,Mother's Day
O0259,C015,P044,2025-07-17,1,Wedding
O0260,C438,P074,2025-10-20,2,Valentine's Day
O0261,C332,P066,2025-04-26,2,Mother's Day
O0262,C334,P036,2025-07-29,5,Birthday
O0263,C443,P095,2025-12-16,1,Diwali
O0264,C467,P025,2025-03-09,2,New Year
O0265,C411,P088,2025-01-05,2,Mother's Day
O0266,C312,P076,2025-06-06,3,Raksha Bandhan
O0267,C459,P046,2025-07-12,3,Diwali
O0268,C130,P024,2025-04-22,4,Mother's Day
O0269,C347,P016,2025-09-24,5,Raksha Bandhan
O0270,C300,P099,2025-02-22,1,Christmas
O0271,C340,P069,2025-07-11,5,New Year
O0272,C312,P058,2025-05-25,3,Anniversary
O0273,C247,P038,2025-02-02,3,Mother's Day
O0274,C328,P077,2025-06-16,3,Mother's Day
O0275,C336,P095,2025-12-31,3,Valentine's Day
O0276,C077,P044,2025-09-22,2,Birthday
O0277,C413,P010,2025-11-04,4,Father's Day
O0278,C349,P007,2025-03-13,1,Diwali
O0279,C152,P022,2025-05-13,4,Raksha Bandhan
O0280,C199,P026,2025-01-19,5,New Year
O0281,C418,P036,2025-04-08,3,Valentine's Day
O0282,C352,P018,2025-10-01,4,Father's Day
O0283,C260,P016,2025-06-03,2,Christmas
O0284,C093,P005,2025-05-31,1,Diwali
O0285,C066,P034,2025-05-13,5,Wedding
O0286,C485,P098,2025-12-15,3,Anniversary
O0287,C114,P077,2025-07-01,2,Mother's Day
O0288,C216,P045,2025-06-19,3,Mother's Day
O0289,C300,P051,2025-05-31,4,Anniversary
O0290,C241,P069,2025-01-28,5,New Year
O0291,C484,P002,2025-11-14,1,Diwali
O0292,C456,P082,2025-04-10,5,Anniversary
O0293,C445,P063,2025-12-15,4,Christmas
O0294,C153,P094,2025-07-31,1,Wedding
O0295,C071,P097,2025-04-13,3,Raksha Bandhan
O0296,C292,P100,2025-08-23,2,Father's Day
O0297,C442,P054,2025-04-03,1,Diwali
O0298,C171,P018,2025-11-20,2,Father's Day
O0299,C325,P086,2025-01-30,1,Diwali
O0300,C141,P076,2025-04-18,2,New Year
O0301,C392,P049,2025-03-23,4,Anniversary
O0302,C067,P024,2025-11-11,4,Raksha Bandhan
O0303,C207,P037,2025-08-08,4,Raksha Bandhan
O0304,C003,P077,2025-01-20,5,Valentine's Day
O0305,C375,P036,2025-07-11,1,Father's Day
O0306,C388,P080,2025-09-29,2,Birthday
O0307,C347,P083,2025-01-03,2,Valentine's Day
O0308,C356,P053,2025-06-26,3,Wedding
O0309,C053,P074,2025-07-16,5,New Year
O0310,C157,P009,2025-03-27,1,Birthday
O0311,C153,P071,2025-05-29,4,Christmas
O0312,C306,P005,2025-09-26,3,Raksha Bandhan
O0313,C455,P097,2025-12-18,2,Father's Day
O0314,C462,P063,2025-09-08,3,Valentine's Day
O0315,C085,P084,2025-07-26,1,Valentine's Day
O0316,C115,P037,2025-03-09,2,Birthday
O0317,C302,P047,2025-09-16,2,Anniversary
O0318,C188,P037,2025-12-31,1,Raksha Bandhan
O0319,C449,P023,2025-11-24,3,Christmas
O0320,C320,P029,2025-01-25,5,Birthday
O0321,C339,P073,2025-02-25,1,Birthday
O0322,C354,P035,2025-03-01,4,Diwali
O0323,C195,P044,2025-03-05,5,Mother's Day
O0324,C243,P093,2025-12-26,2,Valentine's Day
O0325,C356,P041,2025-12-18,1,Mother's Day
O0326,C216,P100,2025-12-05,1,Christmas
O0327,C139,P064,2025-11-15,5,Wedding
O0328,C215,P015,2025-02-23,5,New Year
O0329,C061,P038,2025-05-25,1,Anniversary
O0330,C255,P059,2025-04-12,5,Valentine's Day
O0331,C399,P005,2025-05-15,5,Valentine's Day
O0332,C184,P086,2025-12-27,4,Mother's Day
O0333,C083,P074,2025-01-21,5,Diwali
O0334,C467,P035,2025-04-17,4,Father's Day
O0335,C121,P023,2025-01-02,1,Anniversary
O0336,C465,P082,2025-02-26,5,Diwali
O0337,C077,P042,2025-02-16,5,Anniversary
O0338,C371,P003,2025-02-21,3,Valentine's Day
O0339,C234,P080,2025-06-01,3,Diwali
O0340,C026,P093,2025-02-21,2,Birthday
O0341,C437,P095,2025-05-29,3,Father's Day
O0342,C219,P045,2025-03-01,1,Birthday
O0343,C005,P097,2025-03-12,2,Father's Day
O0344,C184,P020,2025-08-13,5,Mother's Day
O0345,C450,P066,2025-02-17,3,Father's Day
O0346,C094,P043,2025-02-28,4,Raksha Bandhan
O0347,C493,P064,2025-08-22,3,Raksha Bandhan
O0348,C354,P007,2025-09-02,4,Wedding
O0349,C058,P004,2025-03-09,1,Wedding
O0350,C054,P009,2025-08-02,5,Diwali
O0351,C411,P027,2025-10-19,4,Wedding
O0352,C313,P074,2025-07-14,3,New Year
O0353,C015,P059,2025-12-17,2,Diwali
O0354,C472,P066,2025-09-07,1,Raksha Bandhan
O0355,C226,P017,2025-01-24,1,Mother's Day
O0356,C336,P100,2025-06-10,1,Christmas
O0357,C393,P018,2025-10-23,5,Valentine's Day
O0358,C490,P097,2025-12-09,3,Christmas
O0359,C268,P041,2025-12-19,5,Anniversary
O0360,C222,P053,2025-12-05,2,Diwali
O0361,C178,P094,2025-12-06,4,Wedding
O0362,C430,P092,2025-10-13,5,Birthday
O0363,C006,P019,2025-11-26,2,Christmas
O0364,C435,P062,2025-08-29,4,Wedding
O0365,C039,P001,2025-09-09,3,Valentine's Day
O0366,C170,P039,2025-05-23,1,Christmas
O0367,C115,P057,2025-10-09,4,Raksha Bandhan
O0368,C419,P003,2025-05-01,1,Diwali
O0369,C228,P054,2025-10-21,4,Anniversary
O0370,C439,P061,2025-09-13,4,Father's Day
O0371,C061,P046,2025-09-12,1,Anniversary
O0372,C207,P025,2025-07-31,1,Christmas
O0373,C282,P095,2025-01-01,1,New Year
O0374,C494,P013,2025-11-13,3,Christmas
O0375,C288,P001,2025-04-16,4,Father's Day
O0376,C187,P051,2025-01-28,2,Diwali
O0377,C170,P039,2025-10-14,5,New Year
O0378,C243,P004,2025-12-03,3,Diwali
O0379,C059,P058,2025-02-19,2,Birthday
O0380,C175,P006,2025-07-01,3,Christmas
O0381,C268,P076,2025-07-11,1,Birthday
O0382,C460,P051,2025-03-26,4,Wedding
O0383,C421,P040,2025-07-29,1,Mother's Day
O0384,C313,P040,2025-04-11,2,Anniversary
O0385,C477,P021,2025-07-21,2,Diwali
O0386,C423,P068,2025-04-08,3,Anniversary
O0387,C388,P012,2025-08-01,1,New Year
O0388,C064,P003,2025-08-19,4,New Year
O0389,C490,P082,2025-09-16,2,Diwali
O0390,C003,P067,2025-09-29,1,Christmas
O0391,C479,P031,2025-08-10,5,Diwali
O0392,C474,P068,2025-09-18,2,New Year
O0393,C089,P074,2025-03-07,1,Raksha Bandhan
O0394,C337,P049,2025-11-04,5,Father's Day
O0395,C259,P031,2025-07-16,4,New Year
O0396,C469,P051,2025-12-21,2,Mother's Day
O0397,C204,P071,2025-06-25,3,Diwali
O0398,C413,P063,2025-03-10,2,Raksha Bandhan
O0399,C309,P071,2025-12-25,5,Mother's Day
O0400,C432,P011,2025-12-26,5,Father's Day
O0401,C365,P058,2025-10-11,2,Valentine's Day
O0402,C108,P010,2025-11-16,3,Father's Day
O0403,C472,P077,2025-12-11,2,Wedding
O0404,C258,P025,2025-10-05,3,Anniversary
O0405,C390,P050,2025-06-30,5,Diwali
O0406,C299,P058,2025-10-20,4,Christmas
O0407,C147,P034,2025-08-05,1,Christmas
O0408,C055,P096,2025-01-13,4,Wedding
O0409,C028,P097,2025-12-10,1,Valentine's Day
O0410,C137,P050,2025-03-24,3,Mother's Day
O0411,C075,P074,2025-02-01,3,Valentine's Day
O0412,C386,P080,2025-10-05,1,Father's Day
O0413,C417,P058,2025-08-20,1,New Year
O0414,C445,P014,2025-12-12,5,Valentine's Day
O0415,C381,P055,2025-11-28,5,Raksha Bandhan
O0416,C122,P010,2025-09-19,3,Birthday
O0417,C475,P005,2025-07-15,4,Raksha Bandhan
O0418,C490,P066,2025-12-17,3,Christmas
O0419,C028,P002,2025-01-07,3,Valentine's Day
O0420,C318,P040,2025-08-15,2,Father's Day
O0421,C387,P036,2025-10-29,5,New Year
O0422,C101,P067,2025-04-10,3,Diwali
O0423,C091,P013,2025-12-16,1,Wedding
O0424,C493,P075,2025-03-30,5,Anniversary
O0425,C194,P068,2025-01-21,4,Mother's Day
O0426,C285,P014,2025-05-16,2,Wedding
O0427,C300,P088,2025-05-11,1,Father's Day
O0428,C239,P013,2025-12-30,2,Birthday
O0429,C079,P090,2025-06-15,5,Birthday
O0430,C397,P086,2025-11-17,5,Mother's Day
O0431,C252,P011,2025-10-21,5,Father's Day
O0432,C038,P024,2025-12-29,3,Christmas
O0433,C113,P030,2025-04-05,5,Anniversary
O0434,C403,P041,2025-09-16,2,Raksha Bandhan
O0435,C279,P094,2025-10-02,4,Anniversary
O0436,C179,P093,2025-04-24,2,Father's Day
O0437,C170,P030,2025-07-04,3,Valentine's Day
O0438,C487,P099,2025-11-13,5,Diwali
O0439,C288,P027,2025-11-29,1,Anniversary
O0440,C343,P058,2025-06-27,4,Valentine's Day
O0441,C464,P007,2025-11-25,5,New Year
O0442,C125,P003,2025-01-21,3,Raksha Bandhan
O0443,C469,P059,2025-02-28,4,Mother's Day
O0444,C277,P079,2025-05-25,1,Christmas
O0445,C421,P059,2025-07-11,5,Christmas
O0446,C229,P034,2025-09-07,1,Mother's Day
O0447,C460,P015,2025-11-30,2,Father's Day
O0448,C264,P013,2025-02-12,1,Wedding
O0449,C498,P004,2025-10-03,5,Birthday
O0450,C321,P053,2025-02-03,2,Valentine's Day
O0451,C443,P051,2025-12-17,4,Anniversary
O0452,C106,P017,2025-10-03,4,Anniversary
O0453,C383,P055,2025-12-18,2,Birthday
O0454,C236,P096,2025-06-19,1,Anniversary
O0455,C038,P029,2025-01-28,2,Mother's Day
O0456,C286,P013,2025-02-06,5,Valentine's Day
O0457,C467,P094,2025-05-13,4,Raksha Bandhan
O0458,C231,P002,2025-11-19,4,Raksha Bandhan
O0459,C162,P042,2025-01-09,4,Anniversary
O0460,C274,P096,2025-01-04,5,Anniversary
O0461,C388,P059,2025-10-27,1,Anniversary
O0462,C184,P098,2025-09-15,1,Mother's Day
O0463,C403,P067,2025-12-18,3,New Year
O0464,C045,P053,2025-05-25,4,Raksha Bandhan
O0465,C203,P062,2025-12-05,1,Diwali
O0466,C081,P054,2025-10-01,2,Wedding
O0467,C383,P030,2025-07-20,5,Mother's Day
O0468,C492,P067,2025-11-21,2,Mother's Day
O0469,C347,P064,2025-11-28,3,Birthday
O0470,C284,P081,2025-10-12,2,Anniversary
O0471,C022,P077,2025-01-03,5,New Year
O0472,C202,P044,2025-10-03,5,Anniversary
O0473,C157,P060,2025-04-18,3,Valentine's Day
O0474,C212,P035,2025-11-27,5,Wedding
O0475,C083,P049,2025-04-05,2,New Year
O0476,C428,P057,2025-05-10,2,Anniversary
O0477,C093,P020,2025-12-10,5,Birthday
O0478,C436,P010,2025-10-09,4,Christmas
O0479,C038,P002,2025-05-29,1,Mother's Day
O0480,C051,P058,2025-04-12,5,Diwali
O0481,C488,P034,2025-06-19,3,Wedding
O0482,C344,P048,2025-12-02,2,Anniversary
O0483,C146,P046,2025-11-14,1,Valentine's Day
O0484,C163,P082,2025-09-06,4,Father's Day
O0485,C316,P076,2025-12-04,3,New Year
O0486,C079,P066,2025-10-17,5,Father's Day
O0487,C414,P093,2025-06-11,4,Wedding
O0488,C003,P009,2025-06-10,2,Valentine's Day
O0489,C365,P093,2025-11-25,4,Mother's Day
O0490,C431,P008,2025-07-04,2,Father's Day
O0491,C450,P040,2025-09-03,4,Diwali
O0492,C184,P028,2025-06-06,4,Christmas
O0493,C056,P061,2025-03-31,5,Anniversary
O0494,C431,P037,2025-05-24,2,Christmas
O0495,C101,P055,2025-05-15,1,Anniversary
O0496,C457,P013,2025-01-10,5,Birthday
O0497,C417,P003,2025-10-25,5,Raksha Bandhan
O0498,C394,P093,2025-10-30,2,Birthday
O0499,C283,P086,2025-05-14,5,Christmas
O0500,C242,P040,2025-12-01,2,Father's Day
O0501,C201,P074,2025-04-25,5,Mother's Day
O0502,C069,P004,2025-08-26,5,Christmas
O0503,C047,P070,2025-07-23,3,Christmas
O0504,C006,P032,2025-12-06,2,New Year
O0505,C351,P041,2025-03-26,5,Wedding
O0506,C229,P091,2025-03-23,2,New Year
O0507,C486,P057,2025-10-17,2,Diwali
O0508,C481,P056,2025-07-03,1,Valentine's Day
O0509,C390,P062,2025-09-07,2,Anniversary
O0510,C136,P074,2025-07-09,2,Birthday
O0511,C343,P061,2025-04-16,5,Father's Day
O0512,C199,P045,2025-08-29,4,Birthday
O0513,C021,P087,2025-11-29,3,Anniversary
O0514,C361,P060,2025-09-24,3,Mother's Day
O0515,C297,P084,2025-10-06,5,Wedding
O0516,C193,P003,2025-12-01,4,Father's Day
O0517,C301,P025,2025-12-01,1,Christmas
O0518,C129,P070,2025-07-12,2,Christmas
O0519,C208,P038,2025-06-30,3,Diwali
O0520,C406,P025,2025-09-04,5,Birthday
O0521,C257,P032,2025-03-13,4,Wedding
O0522,C118,P089,2025-02-09,5,Mother's Day
O0523,C109,P093,2025-03-18,2,Wedding
O0524,C186,P015,2025-11-05,1,Valentine's Day
O0525,C213,P019,2025-06-19,1,Diwali
O0526,C346,P074,2025-09-03,4,Valentine's Day
O0527,C303,P079,2025-03-24,4,Birthday
O0528,C125,P098,2025-01-23,2,New Year
O0529,C304,P099,2025-03-24,2,Christmas
O0530,C021,P053,2025-10-21,2,Birthday
O0531,C086,P036,2025-05-13,2,Christmas
O0532,C491,P069,2025-07-27,5,New Year
O0533,C327,P079,2025-01-10,3,Anniversary
O0534,C111,P021,2025-08-18,5,Diwali
O0535,C445,P026,2025-09-04,2,Valentine's Day
O0536,C426,P031,2025-07-30,5,Wedding
O0537,C407,P047,2025-10-26,2,New Year
O0538,C338,P067,2025-09-19,3,Wedding
O0539,C371,P080,2025-12-18,3,Diwali
O0540,C306,P084,2025-10-30,1,Valentine's Day
O0541,C194,P014,2025-07-17,2,Anniversary
O0542,C009,P097,2025-04-14,5,Christmas
O0543,C351,P009,2025-08-03,2,New Year
O0544,C050,P033,2025-04-01,4,New Year
O0545,C308,P016,2025-01-20,5,Christmas
O0546,C386,P030,2025-03-02,1,Diwali
O0547,C338,P053,2025-03-08,5,Christmas
O0548,C424,P081,2025-01-01,4,Christmas
O0549,C216,P007,2025-07-09,1,Christmas
O0550,C220,P080,2025-04-28,4,Raksha Bandhan
O0551,C180,P011,2025-10-29,5,Anniversary
O0552,C218,P072,2025-03-10,3,Diwali
O0553,C393,P022,2025-04-30,1,Mother's Day
O0554,C307,P068,2025-10-06,4,Mother's Day
O0555,C097,P087,2025-01-03,1,New Year
O0556,C268,P093,2025-03-02,5,Birthday
O0557,C193,P071,2025-12-02,2,Father's Day
O0558,C210,P014,2025-07-05,1,Wedding
O0559,C219,P007,2025-11-30,5,Mother's Day
O0560,C134,P010,2025-10-02,4,New Year
O0561,C188,P089,2025-11-10,3,Raksha Bandhan
O0562,C387,P021,2025-04-15,4,Christmas
O0563,C402,P085,2025-10-13,4,Wedding
O0564,C190,P076,2025-10-14,5,Diwali
O0565,C130,P044,2025-06-07,5,Father's Day
O0566,C397,P055,2025-12-28,4,Wedding
O0567,C438,P015,2025-12-04,1,Valentine's Day
O0568,C229,P068,2025-12-25,2,Anniversary
O0569,C110,P076,2025-09-18,4,Father's Day
O0570,C411,P039,2025-10-09,5,Birthday
O0571,C083,P041,2025-07-19,1,Anniversary
O0572,C422,P089,2025-03-16,4,New Year
O0573,C223,P056,2025-02-15,1,Mother's Day
O0574,C114,P033,2025-07-09,1,New Year
O0575,C020,P070,2025-07-16,4,New Year
O0576,C336,P037,2025-09-24,3,New Year
O0577,C030,P022,2025-03-31,4,Diwali
O0578,C006,P027,2025-04-14,5,Mother's Day
O0579,C100,P068,2025-01-18,5,Christmas
O0580,C265,P079,2025-12-24,2,New Year
O0581,C087,P088,2025-12-12,1,Father's Day
O0582,C123,P073,2025-12-02,1,Wedding
O0583,C045,P079,2025-05-22,4,Father's Day
O0584,C343,P093,2025-07-22,4,New Year
O0585,C103,P064,2025-09-23,1,Anniversary
O0586,C471,P015,2025-02-16,5,Mother's Day
O0587,C372,P090,2025-10-14,5,Father's Day
O0588,C178,P099,2025-05-22,2,New Year
O0589,C494,P047,2025-04-10,4,Raksha Bandhan
O0590,C295,P024,2025-01-03,3,Wedding
O0591,C209,P040,2025-09-17,1,Christmas
O0592,C038,P034,2025-09-15,3,Father's Day
O0593,C485,P077,2025-03-01,5,Mother's Day
O0594,C449,P010,2025-10-03,5,Mother's Day
O0595,C356,P074,2025-08-15,4,New Year
O0596,C248,P095,2025-05-05,3,Diwali
O0597,C349,P036,2025-08-24,5,Birthday
O0598,C247,P063,2025-03-01,3,Anniversary
O0599,C196,P100,2025-11-21,2,Valentine's Day
O0600,C410,P055,2025-06-11,4,Father's Day
O0601,C265,P066,2025-10-02,1,Mother's Day
O0602,C128,P078,2025-05-28,1,Raksha Bandhan
O0603,C345,P071,2025-06-25,1,Christmas
O0604,C477,P078,2025-04-02,4,Father's Day
O0605,C182,P095,2025-04-22,5,Mother's Day
O0606,C094,P075,2025-12-16,2,Diwali
O0607,C378,P077,2025-04-13,2,Valentine's Day
O0608,C447,P058,2025-05-16,2,Valentine's Day
O0609,C104,P034,2025-05-08,5,Father's Day
O0610,C080,P006,2025-02-24,1,Anniversary
O0611,C347,P056,2025-12-06,4,New Year
O0612,C004,P047,2025-10-05,1,Diwali
O0613,C191,P074,2025-11-14,3,Diwali
O0614,C460,P041,2025-10-22,3,Diwali
O0615,C094,P056,2025-09-19,3,Raksha Bandhan
O0616,C114,P016,2025-10-23,2,Birthday
O0617,C270,P028,2025-08-05,4,Christmas
O0618,C017,P026,2025-09-15,3,Raksha Bandhan
O0619,C441,P024,2025-12-18,2,Diwali
O0620,C500,P057,2025-03-03,5,Diwali
O0621,C162,P028,2025-12-19,1,Birthday
O0622,C346,P016,2025-04-18,4,New Year
O0623,C052,P085,2025-06-16,3,New Year
O0624,C442,P087,2025-05-13,2,Christmas
O0625,C135,P013,2025-05-02,3,Diwali
O0626,C491,P083,2025-11-10,3,Father's Day
O0627,C095,P041,2025-09-13,4,Valentine's Day
O0628,C215,P036,2025-12-25,3,Father's Day
O0629,C438,P027,2025-07-25,3,Diwali
O0630,C093,P029,2025-10-20,2,New Year
O0631,C352,P006,2025-04-28,1,Mother's Day
O0632,C412,P028,2025-05-01,5,Raksha Bandhan
O0633,C439,P084,2025-07-15,2,Wedding
O0634,C410,P096,2025-03-18,4,Birthday
O0635,C091,P086,2025-08-04,4,Wedding
O0636,C458,P011,2025-11-19,5,Christmas
O0637,C369,P018,2025-06-11,4,Mother's Day
O0638,C129,P093,2025-10-15,5,Birthday
O0639,C204,P067,2025-02-20,2,Birthday
O0640,C111,P055,2025-05-11,4,Anniversary
O0641,C231,P090,2025-06-21,3,Father's Day
O0642,C185,P062,2025-10-14,5,Mother's Day
O0643,C177,P025,2025-01-11,4,Anniversary
O0644,C180,P034,2025-12-14,5,Valentine's Day
O0645,C296,P065,2025-10-22,5,Wedding
O0646,C400,P010,2025-05-26,3,Father's Day
O0647,C345,P007,2025-09-19,4,Diwali
O0648,C456,P070,2025-02-10,4,New Year
O0649,C147,P063,2025-08-26,2,Wedding
O0650,C328,P066,2025-06-22,4,New Year
O0651,C293,P059,2025-07-27,1,Anniversary
O0652,C083,P004,2025-06-25,2,Father's Day
O0653,C163,P091,2025-12-01,3,Mother's Day
O0654,C310,P087,2025-11-27,4,Mother's Day
O0655,C455,P097,2025-08-16,3,New Year
O0656,C267,P066,2025-08-19,4,Wedding
O0657,C095,P001,2025-01-12,2,Valentine's Day
O0658,C339,P092,2025-05-09,1,Valentine's Day
O0659,C086,P020,2025-07-23,1,Anniversary
O0660,C033,P097,2025-08-31,5,Birthday
O0661,C014,P024,2025-07-23,5,Anniversary
O0662,C054,P093,2025-05-15,5,Wedding
O0663,C044,P089,2025-12-02,4,Mother's Day
O0664,C118,P044,2025-05-07,3,Diwali
O0665,C321,P089,2025-03-06,2,Christmas
O0666,C430,P038,2025-03-29,1,Birthday
O0667,C340,P061,2025-07-02,3,Diwali
O0668,C240,P049,2025-10-04,3,Christmas
O0669,C228,P032,2025-03-11,5,Wedding
O0670,C303,P052,2025-11-02,4,New Year
O0671,C223,P099,2025-09-26,5,Mother's Day
O0672,C466,P006,2025-06-27,4,Christmas
O0673,C117,P065,2025-02-15,4,Mother's Day
O0674,C188,P001,2025-07-31,3,Wedding
O0675,C156,P022,2025-01-06,1,Christmas
O0676,C418,P091,2025-03-11,3,Mother's Day
O0677,C241,P015,2025-10-01,1,Diwali
O0678,C485,P056,2025-09-02,3,Birthday
O0679,C393,P012,2025-08-09,3,New Year
O0680,C119,P011,2025-01-04,5,Father's Day
O0681,C097,P082,2025-07-30,5,Raksha Bandhan
O0682,C203,P038,2025-05-08,2,Raksha Bandhan
O0683,C425,P071,2025-07-13,2,Mother's Day
O0684,C041,P006,2025-08-05,2,Christmas
O0685,C392,P009,2025-11-10,3,Mother's Day
O0686,C333,P008,2025-09-30,3,Raksha Bandhan
O0687,C097,P038,2025-02-05,2,Wedding
O0688,C149,P017,2025-02-26,4,New Year
O0689,C232,P052,2025-05-20,5,Diwali
O0690,C097,P085,2025-06-14,1,Wedding
O0691,C026,P069,2025-10-01,1,Wedding
O0692,C498,P020,2025-02-22,3,Mother's Day
O0693,C065,P050,2025-08-13,1,Valentine's Day
O0694,C047,P060,2025-03-19,1,Diwali
O0695,C112,P028,2025-06-25,4,Mother's Day
O0696,C403,P047,2025-09-13,3,Diwali
O0697,C357,P056,2025-01-17,3,Anniversary
O0698,C432,P086,2025-03-16,1,Mother's Day
O0699,C398,P079,2025-07-20,1,Christmas
O0700,C241,P019,2025-04-03,2,Mother's Day
O0701,C419,P046,2025-07-15,1,Anniversary
O0702,C499,P008,2025-05-08,4,Diwali
O0703,C127,P091,2025-01-18,2,Diwali
O0704,C377,P071,2025-02-18,5,Valentine's Day
O0705,C243,P042,2025-07-19,3,Father's Day
O0706,C082,P053,2025-11-19,1,Christmas
O0707,C267,P022,2025-03-04,3,Diwali
O0708,C327,P039,2025-06-02,2,Father's Day
O0709,C455,P042,2025-01-27,2,Anniversary
O0710,C121,P041,2025-11-21,4,Father's Day
O0711,C008,P079,2025-03-27,3,New Year
O0712,C062,P083,2025-07-22,2,Birthday
O0713,C497,P090,2025-01-22,5,Diwali
O0714,C353,P079,2025-11-02,2,Father's Day
O0715,C395,P071,2025-02-15,2,Wedding
O0716,C256,P061,2025-02-16,5,Father's Day
O0717,C477,P088,2025-11-17,1,Birthday
O0718,C183,P063,2025-11-27,2,Christmas
O0719,C406,P044,2025-02-24,2,Diwali
O0720,C120,P003,2025-06-12,5,Father's Day
O0721,C413,P030,2025-08-13,2,Birthday
O0722,C353,P075,2025-07-13,3,Wedding
O0723,C129,P085,2025-01-21,4,Diwali
O0724,C287,P100,2025-05-31,5,Diwali
O0725,C098,P060,2025-10-18,2,Christmas
O0726,C179,P036,2025-06-15,4,Mother's Day
O0727,C445,P077,2025-11-03,5,Wedding
O0728,C036,P014,2025-09-29,2,Diwali
O0729,C152,P100,2025-05-15,5,Father's Day
O0730,C233,P039,2025-01-01,5,Raksha Bandhan
O0731,C376,P022,2025-04-05,1,New Year
O0732,C439,P014,2025-07-06,5,Valentine's Day
O0733,C165,P025,2025-02-02,5,Raksha Bandhan
O0734,C098,P063,2025-09-26,4,Christmas
O0735,C079,P030,2025-11-10,3,Father's Day
O0736,C210,P025,2025-11-25,3,Anniversary
O0737,C050,P040,2025-09-25,1,Birthday
O0738,C428,P038,2025-03-08,2,Birthday
O0739,C104,P012,2025-02-24,4,Valentine's Day
O0740,C051,P011,2025-01-17,5,Raksha Bandhan
O0741,C337,P056,2025-09-08,5,New Year
O0742,C360,P004,2025-10-30,3,Birthday
O0743,C188,P055,2025-04-24,5,Anniversary
O0744,C007,P056,2025-04-17,4,Anniversary
O0745,C240,P042,2025-11-24,1,Father's Day
O0746,C286,P070,2025-08-01,3,Birthday
O0747,C422,P006,2025-11-12,3,Christmas
O0748,C021,P005,2025-02-06,3,Anniversary
O0749,C484,P004,2025-04-21,5,Anniversary
O0750,C052,P077,2025-04-29,5,Raksha Bandhan
O0751,C098,P008,2025-04-09,5,Valentine's Day
O0752,C292,P062,2025-11-17,2,Christmas
O0753,C384,P037,2025-10-13,4,Anniversary
O0754,C393,P020,2025-11-23,5,Father's Day
O0755,C346,P022,2025-08-23,4,Anniversary
O0756,C086,P088,2025-04-03,5,Raksha Bandhan
O0757,C259,P063,2025-06-22,2,Christmas
O0758,C308,P050,2025-08-15,3,Father's Day
O0759,C282,P085,2025-06-16,3,Raksha Bandhan
O0760,C392,P036,2025-11-21,4,Father's Day
O0761,C312,P055,2025-05-04,5,Christmas
O0762,C110,P068,2025-07-12,5,Mother's Day
O0763,C185,P027,2025-08-20,4,Raksha Bandhan
O0764,C001,P051,2025-01-18,3,New Year
O0765,C009,P009,2025-09-23,2,Mother's Day
O0766,C004,P088,2025-06-03,2,Valentine's Day
O0767,C439,P066,2025-06-11,1,Mother's Day
O0768,C471,P060,2025-10-11,5,Christmas
O0769,C293,P059,2025-10-20,2,Anniversary
O0770,C020,P083,2025-08-24,3,Wedding
O0771,C071,P051,2025-05-16,3,New Year
O0772,C128,P009,2025-04-30,3,Mother's Day
O0773,C048,P065,2025-10-20,4,New Year
O0774,C470,P026,2025-04-22,1,Father's Day
O0775,C406,P057,2025-09-05,2,Diwali
O0776,C423,P013,2025-12-20,5,Anniversary
O0777,C305,P089,2025-11-25,3,Birthday
O0778,C375,P060,2025-10-23,4,Anniversary
O0779,C400,P067,2025-01-29,3,Father's Day
O0780,C451,P099,2025-08-11,4,Anniversary
O0781,C446,P050,2025-04-27,5,Birthday
O0782,C325,P030,2025-11-20,4,Birthday
O0783,C157,P003,2025-09-26,1,Father's Day
O0784,C277,P087,2025-10-17,2,Father's Day
O0785,C258,P049,2025-12-24,2,Wedding
O0786,C026,P095,2025-12-11,4,Diwali
O0787,C386,P083,2025-11-01,5,Christmas
O0788,C047,P078,2025-04-24,4,Mother's Day
O0789,C403,P068,2025-07-21,2,Wedding
O0790,C173,P096,2025-02-12,4,New Year
O0791,C382,P031,2025-01-26,5,Raksha Bandhan
O0792,C135,P057,2025-02-13,4,Christmas
O0793,C223,P033,2025-12-24,2,Wedding
O0794,C247,P048,2025-10-14,2,Diwali
O0795,C203,P048,2025-11-30,5,Valentine's Day
O0796,C288,P071,2025-11-12,5,Valentine's Day
O0797,C125,P074,2025-02-06,3,Raksha Bandhan
O0798,C166,P041,2025-12-17,5,Anniversary
O0799,C058,P049,2025-12-10,4,Raksha Bandhan
O0800,C188,P002,2025-06-28,2,Father's Day
O0801,C177,P019,2025-11-01,1,Mother's Day
O0802,C087,P097,2025-06-29,5,Diwali
O0803,C320,P028,2025-03-16,4,Birthday
O0804,C474,P088,2025-04-30,2,Father's Day
O0805,C080,P075,2025-02-13,1,Birthday
O0806,C125,P085,2025-11-14,2,Mother's Day
O0807,C008,P013,2025-06-25,1,Mother's Day
O0808,C231,P048,2025-08-30,1,Father's Day
O0809,C108,P049,2025-10-03,2,Valentine's Day
O0810,C280,P001,2025-09-25,3,Christmas
O0811,C248,P056,2025-11-15,2,Birthday
O0812,C193,P089,2025-10-26,5,Birthday
O0813,C131,P059,2025-03-29,1,Mother's Day
O0814,C103,P001,2025-12-23,5,Mother's Day
O0815,C028,P015,2025-08-27,1,Anniversary
O0816,C199,P018,2025-12-05,3,Father's Day
O0817,C443,P096,2025-02-25,1,Mother's Day
O0818,C445,P077,2025-11-29,4,Valentine's Day
O0819,C195,P013,2025-09-18,1,Father's Day
O0820,C249,P022,2025-11-02,5,Anniversary
O0821,C096,P048,2025-04-12,5,Diwali
O0822,C288,P082,2025-12-31,1,Birthday
O0823,C127,P054,2025-09-29,3,Father's Day
O0824,C251,P016,2025-07-21,2,Birthday
O0825,C178,P037,2025-12-17,3,Father's Day
O0826,C321,P052,2025-06-04,2,Christmas
O0827,C142,P055,2025-02-01,3,Raksha Bandhan
O0828,C456,P003,2025-01-16,5,Mother's Day
O0829,C116,P064,2025-03-19,3,Raksha Bandhan
O0830,C337,P071,2025-03-12,1,Raksha Bandhan
O0831,C267,P033,2025-12-14,5,Valentine's Day
O0832,C214,P091,2025-05-04,5,Wedding
O0833,C219,P050,2025-06-09,5,Father's Day
O0834,C230,P008,2025-10-05,2,Valentine's Day
O0835,C335,P077,2025-03-12,5,Christmas
O0836,C351,P018,2025-04-14,2,Mother's Day
O0837,C353,P098,2025-12-28,5,Wedding
O0838,C221,P009,2025-03-16,5,Wedding
O0839,C163,P050,2025-02-04,5,Christmas
O0840,C486,P019,2025-03-02,2,Father's Day
O0841,C430,P047,2025-03-16,1,Father's Day
O0842,C451,P027,2025-07-31,4,Mother's Day
O0843,C227,P041,2025-11-23,3,Wedding
O0844,C399,P094,2025-04-07,1,Wedding
O0845,C095,P037,2025-01-14,5,New Year
O0846,C137,P059,2025-11-07,5,New Year
O0847,C119,P016,2025-11-02,2,Valentine's Day
O0848,C352,P100,2025-01-14,3,Anniversary
O0849,C353,P054,2025-09-02,2,Christmas
O0850,C434,P053,2025-11-06,4,Father's Day
O0851,C095,P048,2025-07-18,4,Diwali
O0852,C071,P086,2025-03-25,2,Valentine's Day
O0853,C017,P058,2025-07-29,1,Mother's Day
O0854,C487,P085,2025-07-31,2,Valentine's Day
O0855,C388,P099,2025-04-15,1,Wedding
O0856,C475,P019,2025-08-13,5,Diwali
O0857,C353,P062,2025-06-16,4,Valentine's Day
O0858,C219,P028,2025-07-27,1,New Year
O0859,C377,P019,2025-07-14,3,Raksha Bandhan
O0860,C314,P050,2025-10-20,5,Christmas
O0861,C269,P056,2025-11-25,1,Christmas
O0862,C056,P012,2025-08-20,4,Birthday
O0863,C450,P003,2025-05-06,5,Christmas
O0864,C203,P006,2025-01-21,5,Raksha Bandhan
O0865,C265,P010,2025-11-19,1,Valentine's Day
O0866,C150,P047,2025-08-14,4,Mother's Day
O0867,C397,P026,2025-05-27,4,Wedding
O0868,C217,P007,2025-05-31,5,Birthday
O0869,C354,P021,2025-09-22,2,Diwali
O0870,C425,P100,2025-11-27,4,Anniversary
O0871,C370,P094,2025-09-14,1,Wedding
O0872,C399,P026,2025-10-27,5,Wedding
O0873,C202,P073,2025-07-31,3,Diwali
O0874,C013,P062,2025-04-02,4,New Year
O0875,C460,P025,2025-12-31,2,Diwali
O0876,C047,P057,2025-05-09,3,Wedding
O0877,C368,P019,2025-03-05,1,Anniversary
O0878,C362,P080,2025-08-19,3,Anniversary
O0879,C269,P001,2025-12-29,4,Christmas
O0880,C314,P021,2025-03-23,4,Christmas
O0881,C195,P056,2025-01-23,2,Father's Day
O0882,C290,P039,2025-12-04,2,Wedding
O0883,C445,P091,2025-03-16,2,Birthday
O0884,C215,P077,2025-06-07,3,Diwali
O0885,C148,P013,2025-11-17,2,Anniversary
O0886,C461,P080,2025-03-09,2,Birthday
O0887,C319,P065,2025-05-10,1,Diwali
O0888,C255,P002,2025-09-13,5,Birthday
O0889,C312,P030,2025-09-10,2,Valentine's Day
O0890,C302,P007,2025-12-04,4,Diwali
O0891,C210,P043,2025-08-15,1,New Year
O0892,C308,P039,2025-01-04,2,Christmas
O0893,C143,P065,2025-11-14,5,Valentine's Day
O0894,C026,P016,2025-04-05,2,Birthday
O0895,C335,P037,2025-06-28,1,Wedding
O0896,C438,P063,2025-01-17,5,New Year
O0897,C153,P069,2025-06-19,1,Birthday
O0898,C056,P059,2025-08-02,2,Wedding
O0899,C345,P053,2025-05-26,5,New Year
O0900,C294,P099,2025-10-15,2,Diwali
O0901,C384,P071,2025-10-24,3,Birthday
O0902,C048,P098,2025-06-03,3,Father's Day
O0903,C460,P070,2025-07-14,1,Raksha Bandhan
O0904,C432,P099,2025-10-09,1,Mother's Day
O0905,C242,P044,2025-03-10,1,Mother's Day
O0906,C169,P081,2025-09-27,4,Christmas
O0907,C108,P033,2025-12-23,2,New Year
O0908,C030,P095,2025-02-25,5,Christmas
O0909,C045,P060,2025-09-05,5,Mother's Day
O0910,C219,P061,2025-11-08,3,Mother's Day
O0911,C270,P023,2025-10-22,5,Father's Day
O0912,C475,P008,2025-03-08,5,New Year
O0913,C255,P038,2025-09-24,4,Diwali
O0914,C414,P020,2025-04-03,5,Valentine's Day
O0915,C363,P050,2025-05-29,2,Birthday
O0916,C061,P100,2025-01-13,4,Anniversary
O0917,C378,P019,2025-04-17,5,Raksha Bandhan
O0918,C212,P060,2025-01-24,3,Father's Day
O0919,C287,P080,2025-11-23,2,Birthday
O0920,C328,P023,2025-04-14,3,Mother's Day
O0921,C405,P074,2025-02-04,3,Mother's Day
O0922,C260,P090,2025-10-09,3,Birthday
O0923,C059,P094,2025-12-18,3,Father's Day
O0924,C203,P045,2025-10-19,5,Birthday
O0925,C427,P039,2025-03-31,2,Father's Day
O0926,C427,P068,2025-06-23,4,Diwali
O0927,C409,P005,2025-01-19,2,Diwali
O0928,C080,P020,2025-11-18,4,Christmas
O0929,C459,P078,2025-06-21,4,Raksha Bandhan
O0930,C476,P089,2025-01-29,5,Mother's Day
O0931,C290,P007,2025-12-14,3,Christmas
O0932,C275,P066,2025-01-10,2,New Year
O0933,C351,P044,2025-06-19,3,Anniversary
O0934,C497,P034,2025-03-18,3,Birthday
O0935,C174,P014,2025-07-12,5,Wedding
O0936,C293,P085,2025-11-07,4,Wedding
O0937,C305,P013,2025-03-01,3,Father's Day
O0938,C364,P052,2025-01-17,3,Raksha Bandhan
O0939,C045,P012,2025-09-12,2,Father's Day
O0940,C232,P025,2025-06-04,2,Christmas
O0941,C155,P005,2025-03-31,1,Father's Day
O0942,C402,P087,2025-01-20,2,Anniversary
O0943,C228,P047,2025-09-17,1,Diwali
O0944,C464,P081,2025-09-14,2,Valentine's Day
O0945,C175,P032,2025-09-05,5,Mother's Day
O0946,C398,P015,2025-06-17,2,Anniversary
O0947,C421,P038,2025-09-22,2,Valentine's Day
O0948,C371,P079,2025-01-19,4,Raksha Bandhan
O0949,C366,P094,2025-09-25,1,Birthday
O0950,C160,P099,2025-01-23,5,Anniversary
O0951,C171,P056,2025-08-28,1,Anniversary
O0952,C267,P040,2025-12-04,3,Birthday
O0953,C296,P053,2025-06-09,2,Father's Day
O0954,C103,P019,2025-04-09,3,Mother's Day
O0955,C273,P097,2025-06-13,4,Anniversary
O0956,C140,P050,2025-03-18,2,Mother's Day
O0957,C059,P076,2025-01-08,5,Christmas
O0958,C264,P095,2025-02-22,2,Christmas
O0959,C180,P076,2025-10-09,3,Mother's Day
O0960,C073,P054,2025-12-27,3,New Year
O0961,C126,P074,2025-03-29,1,Mother's Day
O0962,C314,P054,2025-06-23,5,Diwali
O0963,C026,P072,2025-03-08,1,Diwali
O0964,C463,P004,2025-12-12,1,Anniversary
O0965,C197,P080,2025-01-28,1,Raksha Bandhan
O0966,C201,P065,2025-04-02,5,New Year
O0967,C323,P053,2025-12-20,4,New Year
O0968,C183,P033,2025-06-09,3,Valentine's Day
O0969,C366,P066,2025-12-10,5,Anniversary
O0970,C499,P009,2025-08-27,5,Wedding
O0971,C048,P048,2025-12-24,4,Anniversary
O0972,C234,P070,2025-06-08,4,Diwali
O0973,C119,P015,2025-04-25,2,New Year
O0974,C133,P069,2025-07-06,4,Wedding
O0975,C359,P029,2025-12-07,3,Father's Day
O0976,C233,P037,2025-09-07,1,Anniversary
O0977,C244,P070,2025-02-27,3,Diwali
O0978,C237,P098,2025-03-29,3,Father's Day
O0979,C310,P054,2025-10-22,2,Christmas
O0980,C053,P083,2025-07-27,1,Father's Day
O0981,C285,P051,2025-11-29,1,Mother's Day
O0982,C273,P097,2025-08-25,4,New Year
O0983,C212,P082,2025-05-03,5,Valentine's Day
O0984,C281,P011,2025-03-23,4,Raksha Bandhan
O0985,C034,P010,2025-06-24,2,New Year
O0986,C221,P046,2025-08-11,5,Father's Day
O0987,C279,P061,2025-12-22,2,Wedding
O0988,C340,P064,2025-12-09,1,New Year
O0989,C429,P034,2025-09-07,1,New Year
O0990,C306,P055,2025-08-26,3,Christmas
O0991,C050,P092,2025-08-16,2,Mother's Day
O0992,C490,P021,2025-07-27,1,New Year
O0993,C056,P041,2025-12-17,5,Raksha Bandhan
O0994,C168,P040,2025-09-11,1,Anniversary
O0995,C112,P097,2025-03-13,5,Birthday
O0996,C388,P008,2025-03-17,2,Diwali
O0997,C273,P019,2025-05-30,4,New Year
O0998,C296,P026,2025-08-17,2,Valentine's Day
O0999,C349,P098,2025-06-12,3,New Year
O1000,C407,P029,2025-12-14,3,Raksha Bandhan
O1001,C368,P094,2025-06-26,1,New Year
O1002,C005,P075,2025-11-10,5,Raksha Bandhan
O1003,C434,P039,2025-03-07,3,Birthday
O1004,C190,P015,2025-10-09,1,Birthday
O1005,C361,P076,2025-10-14,3,Anniversary
O1006,C441,P066,2025-05-25,1,Valentine's Day
O1007,C222,P082,2025-12-26,5,Raksha Bandhan
O1008,C321,P045,2025-06-12,4,Raksha Bandhan
O1009,C196,P013,2025-08-11,5,Valentine's Day
O1010,C340,P094,2025-03-30,4,Wedding
O1011,C097,P087,2025-10-12,4,Father's Day
O1012,C431,P046,2025-08-02,2,Mother's Day
O1013,C447,P019,2025-12-10,2,Wedding
O1014,C006,P056,2025-02-06,1,Wedding
O1015,C370,P090,2025-09-07,4,Wedding
O1016,C044,P028,2025-03-12,4,Diwali
O1017,C458,P047,2025-12-23,5,Raksha Bandhan
O1018,C320,P050,2025-04-03,4,Christmas
O1019,C218,P031,2025-10-10,4,Raksha Bandhan
O1020,C182,P070,2025-04-26,2,Raksha Bandhan
O1021,C310,P016,2025-01-04,5,Diwali
O1022,C434,P088,2025-05-02,5,Mother's Day
O1023,C211,P075,2025-10-07,5,Father's Day
O1024,C018,P092,2025-01-20,5,Diwali
O1025,C361,P086,2025-07-08,1,New Year
O1026,C247,P009,2025-12-20,1,Wedding
O1027,C374,P098,2025-09-27,3,Diwali
O1028,C265,P003,2025-02-10,5,New Year
O1029,C046,P084,2025-05-06,4,Anniversary
O1030,C351,P039,2025-11-21,5,New Year
O1031,C160,P062,2025-11-10,1,Father's Day
O1032,C274,P051,2025-01-06,4,Diwali
O1033,C263,P029,2025-08-29,5,Father's Day
O1034,C216,P026,2025-06-30,3,Mother's Day
O1035,C086,P028,2025-01-19,5,Mother's Day
O1036,C373,P004,2025-10-16,3,Birthday
O1037,C323,P001,2025-08-31,5,Wedding
O1038,C294,P024,2025-01-27,3,New Year
O1039,C014,P078,2025-05-27,4,Anniversary
O1040,C065,P006,2025-09-16,1,Mother's Day
O1041,C130,P024,2025-03-09,5,Mother's Day
O1042,C141,P052,2025-05-12,1,Anniversary
O1043,C310,P008,2025-03-31,5,Wedding
O1044,C338,P003,2025-08-17,3,Wedding
O1045,C134,P028,2025-12-25,2,Diwali
O1046,C093,P065,2025-09-28,1,Father's Day
O1047,C044,P061,2025-03-16,5,Wedding
O1048,C429,P025,2025-09-11,4,Raksha Bandhan
O1049,C122,P070,2025-12-05,4,Wedding
O1050,C108,P100,2025-10-23,3,Birthday
O1051,C329,P096,2025-05-16,1,Birthday
O1052,C086,P033,2025-08-26,4,Diwali
O1053,C155,P010,2025-09-01,5,Valentine's Day
O1054,C195,P074,2025-12-16,4,Diwali
O1055,C135,P072,2025-03-16,5,Raksha Bandhan
O1056,C007,P020,2025-05-28,4,Raksha Bandhan
O1057,C348,P067,2025-06-11,5,Birthday
O1058,C050,P048,2025-09-30,3,Raksha Bandhan
O1059,C313,P063,2025-11-30,3,Father's Day
O1060,C139,P028,2025-05-17,1,Mother's Day
O1061,C336,P074,2025-10-27,4,Diwali
O1062,C396,P038,2025-12-12,2,New Year
O1063,C395,P081,2025-04-10,5,Father's Day
O1064,C347,P043,2025-12-20,2,Father's Day
O1065,C281,P069,2025-01-06,1,Anniversary
O1066,C007,P041,2025-07-30,1,Christmas
O1067,C054,P036,2025-12-17,4,Father's Day
O1068,C113,P073,2025-05-26,3,Valentine's Day
O1069,C018,P048,2025-01-13,5,Anniversary
O1070,C030,P091,2025-11-01,2,New Year
O1071,C327,P001,2025-03-04,1,Anniversary
O1072,C439,P031,2025-11-06,2,Raksha Bandhan
O1073,C337,P034,2025-11-28,5,Wedding
O1074,C459,P092,2025-02-26,2,Mother's Day
O1075,C151,P054,2025-08-28,1,Diwali
O1076,C473,P098,2025-05-22,4,Father's Day
O1077,C132,P039,2025-03-24,1,Mother's Day
O1078,C398,P036,2025-02-01,4,Raksha Bandhan
O1079,C171,P022,2025-01-31,3,Mother's Day
O1080,C092,P008,2025-08-14,1,Diwali
O1081,C476,P065,2025-04-13,5,Raksha Bandhan
O1082,C092,P076,2025-11-27,4,Anniversary
O1083,C074,P025,2025-10-04,4,Valentine's Day
O1084,C315,P011,2025-11-26,1,Diwali
O1085,C367,P072,2025-05-13,1,Birthday
O1086,C038,P059,2025-02-06,5,Mother's Day
O1087,C398,P061,2025-08-17,1,Diwali
O1088,C077,P096,2025-12-01,1,Birthday
O1089,C341,P055,2025-07-19,3,Wedding
O1090,C359,P040,2025-06-18,4,New Year
O1091,C002,P065,2025-09-21,4,Diwali
O1092,C224,P012,2025-07-26,1,Christmas
O1093,C116,P031,2025-01-02,4,Diwali
O1094,C063,P018,2025-10-18,5,Father's Day
O1095,C171,P045,2025-12-16,3,Raksha Bandhan
O1096,C029,P082,2025-11-20,1,Father's Day
O1097,C274,P019,2025-06-24,1,Diwali
O1098,C390,P009,2025-05-29,2,Wedding
O1099,C284,P023,2025-01-21,4,Valentine's Day
O1100,C154,P051,2025-12-23,4,Anniversary
O1101,C323,P042,2025-12-19,3,Diwali
O1102,C044,P055,2025-11-20,4,Valentine's Day
O1103,C072,P015,2025-01-19,2,Birthday
O1104,C369,P069,2025-10-31,2,Diwali
O1105,C200,P044,2025-02-02,5,Mother's Day
O1106,C256,P064,2025-10-01,4,Birthday
O1107,C019,P067,2025-06-23,1,Father's Day
O1108,C404,P082,2025-01-22,4,Anniversary
O1109,C109,P093,2025-12-01,5,Diwali
O1110,C482,P048,2025-12-14,5,Wedding
O1111,C380,P068,2025-10-24,2,Anniversary
O1112,C019,P096,2025-03-14,4,Birthday
O1113,C242,P075,2025-11-13,1,Valentine's Day
O1114,C360,P005,2025-11-29,2,Birthday
O1115,C089,P088,2025-11-20,1,Mother's Day
O1116,C421,P049,2025-02-19,4,New Year
O1117,C088,P074,2025-10-30,1,Anniversary
O1118,C059,P099,2025-09-12,5,New Year
O1119,C113,P014,2025-02-02,2,Raksha Bandhan
O1120,C173,P051,2025-12-14,4,Father's Day
O1121,C062,P061,2025-12-17,5,Christmas
O1122,C071,P009,2025-06-14,2,Birthday
O1123,C304,P051,2025-03-30,3,Anniversary
O1124,C062,P085,2025-05-21,2,Raksha Bandhan
O1125,C087,P027,2025-12-23,3,Christmas
O1126,C085,P038,2025-08-13,2,New Year
O1127,C021,P093,2025-03-10,1,New Year
O1128,C193,P067,2025-03-22,1,Diwali
O1129,C042,P008,2025-01-04,1,Wedding
O1130,C475,P052,2025-02-15,5,Mother's Day
O1131,C214,P060,2025-12-22,4,Wedding
O1132,C106,P055,2025-03-15,3,Christmas
O1133,C231,P097,2025-07-30,2,Wedding
O1134,C313,P043,2025-12-21,1,New Year
O1135,C093,P064,2025-09-13,5,Anniversary
O1136,C322,P019,2025-06-04,3,Raksha Bandhan
O1137,C003,P095,2025-10-13,2,Valentine's Day
O1138,C061,P057,2025-09-29,1,New Year
O1139,C186,P089,2025-10-04,5,Valentine's Day
O1140,C238,P061,2025-11-17,2,Mother's Day
O1141,C028,P074,2025-04-10,1,Wedding
O1142,C351,P017,2025-08-31,4,Wedding
O1143,C082,P066,2025-12-10,1,Birthday
O1144,C331,P051,2025-07-06,3,Valentine's Day
O1145,C223,P038,2025-05-09,3,New Year
O1146,C413,P076,2025-08-21,1,Anniversary
O1147,C380,P093,2025-01-27,5,Wedding
O1148,C081,P099,2025-01-15,4,Christmas
O1149,C060,P071,2025-02-06,2,Diwali
O1150,C304,P015,2025-10-24,3,Raksha Bandhan
O1151,C102,P028,2025-12-13,3,Valentine's Day
O1152,C399,P046,2025-02-26,3,Valentine's Day
O1153,C051,P065,2025-05-02,4,Valentine's Day
O1154,C193,P051,2025-04-23,1,Diwali
O1155,C300,P036,2025-09-06,1,Raksha Bandhan
O1156,C075,P041,2025-04-21,5,Diwali
O1157,C092,P011,2025-07-18,3,Wedding
O1158,C235,P053,2025-04-10,3,Mother's Day
O1159,C104,P051,2025-06-21,2,Birthday
O1160,C355,P093,2025-10-19,1,Mother's Day
O1161,C070,P038,2025-02-26,4,Diwali
O1162,C215,P032,2025-03-29,3,Valentine's Day
O1163,C454,P090,2025-06-01,5,Wedding
O1164,C405,P044,2025-11-23,5,Wedding
O1165,C296,P070,2025-10-11,2,Anniversary
O1166,C211,P067,2025-09-25,4,Valentine's Day
O1167,C303,P019,2025-08-31,4,Mother's Day
O1168,C008,P059,2025-08-08,2,Valentine's Day
O1169,C168,P059,2025-08-11,5,Valentine's Day
O1170,C457,P047,2025-10-30,2,New Year
O1171,C460,P015,2025-01-03,4,Birthday
O1172,C021,P027,2025-08-29,5,Birthday
O1173,C218,P094,2025-09-29,4,Diwali
O1174,C415,P004,2025-12-23,1,Diwali
O1175,C254,P066,2025-05-04,1,Christmas
O1176,C386,P097,2025-01-07,4,Valentine's Day
O1177,C068,P045,2025-07-03,3,Valentine's Day
O1178,C332,P070,2025-02-16,1,Diwali
O1179,C343,P056,2025-06-06,2,Diwali
O1180,C440,P019,2025-10-20,5,Birthday
O1181,C500,P081,2025-08-21,4,Wedding
O1182,C448,P066,2025-12-27,4,Wedding
O1183,C405,P058,2025-07-09,4,Birthday
O1184,C441,P061,2025-11-18,1,Raksha Bandhan
O1185,C458,P086,2025-12-20,3,Christmas
O1186,C017,P072,2025-06-01,4,Mother's Day
O1187,C358,P052,2025-11-10,5,New Year
O1188,C407,P059,2025-04-17,1,New Year
O1189,C451,P098,2025-06-21,1,Christmas
O1190,C485,P073,2025-12-12,3,Birthday
O1191,C057,P099,2025-07-16,3,Diwali
O1192,C317,P088,2025-01-21,3,Father's Day
O1193,C090,P100,2025-11-28,5,Anniversary
O1194,C288,P039,2025-12-30,2,Wedding
O1195,C172,P082,2025-05-03,5,Anniversary
O1196,C333,P082,2025-09-02,5,Valentine's Day
O1197,C386,P062,2025-04-26,3,Father's Day
O1198,C460,P052,2025-05-17,5,Raksha Bandhan
O1199,C142,P046,2025-01-28,1,Father's Day
O1200,C177,P098,2025-08-20,4,Christmas
O1201,C270,P094,2025-03-04,4,Christmas
O1202,C348,P061,2025-09-30,3,Diwali
O1203,C318,P079,2025-07-08,1,Valentine's Day
O1204,C457,P061,2025-08-23,1,Anniversary
O1205,C201,P098,2025-04-02,3,Anniversary
O1206,C056,P040,2025-03-26,3,Anniversary
O1207,C357,P049,2025-03-17,4,Wedding
O1208,C448,P080,2025-04-15,5,Birthday
O1209,C151,P085,2025-08-02,5,Wedding
O1210,C243,P064,2025-06-27,4,Diwali
O1211,C378,P094,2025-11-27,1,Mother's Day
O1212,C097,P061,2025-02-02,1,Valentine's Day
O1213,C428,P097,2025-09-24,3,Raksha Bandhan
O1214,C297,P026,2025-06-25,3,Diwali
O1215,C304,P002,2025-12-07,5,Christmas
O1216,C228,P068,2025-08-23,3,New Year
O1217,C068,P100,2025-06-06,2,Mother's Day
O1218,C117,P010,2025-09-05,3,Mother's Day
O1219,C395,P060,2025-01-25,2,Father's Day
O1220,C146,P067,2025-08-22,2,New Year
O1221,C474,P060,2025-03-24,5,Mother's Day
O1222,C094,P002,2025-03-31,2,Wedding
O1223,C122,P062,2025-03-01,1,Father's Day
O1224,C295,P007,2025-03-06,4,Mother's Day
O1225,C190,P087,2025-04-05,2,Christmas
O1226,C363,P025,2025-01-18,3,Father's Day
O1227,C076,P099,2025-07-10,4,Christmas
O1228,C500,P007,2025-03-25,5,Mother's Day
O1229,C063,P023,2025-01-13,4,Diwali
O1230,C394,P046,2025-03-16,4,Father's Day
O1231,C080,P070,2025-01-03,5,Christmas
O1232,C170,P060,2025-11-28,3,Diwali
O1233,C459,P087,2025-05-29,5,Wedding
O1234,C410,P026,2025-10-17,4,Father's Day
O1235,C353,P002,2025-02-27,4,Birthday
O1236,C072,P036,2025-12-14,5,Anniversary
O1237,C158,P009,2025-01-13,4,New Year
O1238,C431,P040,2025-04-23,4,Father's Day
O1239,C048,P069,2025-06-17,1,New Year
O1240,C329,P070,2025-04-10,5,Christmas
O1241,C114,P077,2025-05-23,2,Birthday
O1242,C043,P044,2025-10-03,4,Anniversary
O1243,C500,P056,2025-09-20,4,Valentine's Day
O1244,C252,P059,2025-06-12,5,New Year
O1245,C262,P012,2025-01-29,3,Raksha Bandhan
O1246,C076,P053,2025-08-07,3,Raksha Bandhan
O1247,C191,P031,2025-01-07,3,Father's Day
O1248,C180,P036,2025-06-07,4,Christmas
O1249,C045,P077,2025-04-21,4,Raksha Bandhan
O1250,C412,P077,2025-08-15,3,Wedding
O1251,C413,P030,2025-08-06,4,Wedding
O1252,C428,P023,2025-10-28,5,Anniversary
O1253,C074,P012,2025-04-17,3,Diwali
O1254,C445,P021,2025-09-26,3,Anniversary
O1255,C478,P050,2025-10-30,4,Anniversary
O1256,C004,P082,2025-07-29,3,Raksha Bandhan
O1257,C090,P044,2025-10-12,4,New Year
O1258,C387,P077,2025-03-12,2,Wedding
O1259,C427,P070,2025-07-15,3,Christmas
O1260,C252,P015,2025-01-22,3,New Year
O1261,C156,P031,2025-09-10,5,Diwali
O1262,C115,P076,2025-01-14,1,Wedding
O1263,C135,P043,2025-06-03,4,Anniversary
O1264,C335,P073,2025-12-07,3,Raksha Bandhan
O1265,C092,P034,2025-09-09,2,Birthday
O1266,C062,P080,2025-05-22,4,Anniversary
O1267,C307,P052,2025-07-05,5,Diwali
O1268,C290,P053,2025-08-12,3,Diwali
O1269,C499,P044,2025-12-22,1,Father's Day
O1270,C263,P054,2025-10-22,1,Mother's Day
O1271,C084,P082,2025-10-25,1,Wedding
O1272,C164,P026,2025-08-25,2,Father's Day
O1273,C084,P068,2025-01-28,3,Father's Day
O1274,C215,P021,2025-11-22,3,Birthday
O1275,C149,P024,2025-05-30,5,Anniversary
O1276,C264,P038,2025-04-10,2,Anniversary
O1277,C307,P094,2025-03-27,5,Father's Day
O1278,C447,P093,2025-06-11,3,Mother's Day
O1279,C351,P033,2025-12-24,3,Anniversary
O1280,C274,P071,2025-10-24,3,Wedding
O1281,C007,P099,2025-03-12,5,Mother's Day
O1282,C191,P037,2025-09-06,4,Father's Day
O1283,C472,P016,2025-03-25,1,Valentine's Day
O1284,C080,P010,2025-09-15,2,Valentine's Day
O1285,C408,P051,2025-10-14,5,Christmas
O1286,C434,P074,2025-09-30,5,Anniversary
O1287,C214,P039,2025-08-24,1,Anniversary
O1288,C420,P058,2025-03-09,1,Diwali
O1289,C179,P003,2025-06-09,3,Wedding
O1290,C419,P073,2025-08-15,5,Christmas
O1291,C391,P020,2025-06-25,2,Mother's Day
O1292,C015,P003,2025-03-02,2,Wedding
O1293,C439,P012,2025-12-22,2,Valentine's Day
O1294,C158,P043,2025-03-06,2,Wedding
O1295,C041,P015,2025-08-06,1,Anniversary
O1296,C010,P018,2025-09-05,4,Birthday
O1297,C101,P098,2025-02-25,1,Christmas
O1298,C304,P085,2025-01-31,4,Anniversary
O1299,C466,P039,2025-05-10,1,Anniversary
O1300,C155,P026,2025-12-08,1,Anniversary
O1301,C401,P053,2025-03-05,5,Valentine's Day
O1302,C301,P042,2025-04-13,2,Father's Day
O1303,C015,P002,2025-02-16,2,Mother's Day
O1304,C486,P080,2025-10-24,3,Father's Day
O1305,C083,P066,2025-09-14,5,Valentine's Day
O1306,C259,P071,2025-10-19,1,Anniversary
O1307,C420,P057,2025-10-24,1,Christmas
O1308,C112,P054,2025-04-09,3,Wedding
O1309,C462,P065,2025-10-03,1,Anniversary
O1310,C474,P047,2025-04-20,5,Diwali
O1311,C188,P057,2025-12-24,5,Wedding
O1312,C226,P061,2025-12-11,1,Wedding
O1313,C428,P096,2025-07-01,4,Raksha Bandhan
O1314,C110,P062,2025-09-21,2,Raksha Bandhan
O1315,C058,P011,2025-06-10,1,Diwali
O1316,C057,P044,2025-09-24,2,Diwali
O1317,C391,P030,2025-07-04,3,Christmas
O1318,C370,P052,2025-01-21,1,Father's Day
O1319,C253,P009,2025-03-01,4,Mother's Day
O1320,C234,P084,2025-11-04,3,Diwali
O1321,C116,P051,2025-10-11,4,Mother's Day
O1322,C438,P100,2025-08-08,2,Anniversary
O1323,C459,P001,2025-09-01,3,Wedding
O1324,C007,P040,2025-12-12,4,Anniversary
O1325,C203,P008,2025-08-13,5,Anniversary
O1326,C062,P069,2025-03-15,4,Raksha Bandhan
O1327,C356,P066,2025-10-30,1,Wedding
O1328,C034,P044,2025-07-06,2,Father's Day
O1329,C103,P052,2025-11-01,4,Anniversary
O1330,C120,P005,2025-08-06,4,Mother's Day
O1331,C392,P027,2025-10-25,5,Mother's Day
O1332,C388,P037,2025-11-26,4,Father's Day
O1333,C244,P093,2025-12-08,5,Raksha Bandhan
O1334,C249,P083,2025-09-19,3,Wedding
O1335,C394,P017,2025-08-21,1,Anniversary
O1336,C129,P039,2025-09-08,4,Valentine's Day
O1337,C322,P002,2025-03-10,1,Anniversary
O1338,C378,P092,2025-01-28,1,Diwali
O1339,C348,P057,2025-01-14,2,Raksha Bandhan
O1340,C310,P042,2025-12-14,3,Wedding
O1341,C156,P056,2025-11-15,5,Anniversary
O1342,C390,P014,2025-02-09,5,Diwali
O1343,C406,P042,2025-08-27,2,Mother's Day
O1344,C339,P029,2025-09-12,4,Christmas
O1345,C134,P054,2025-10-05,3,Christmas
O1346,C280,P100,2025-01-10,1,Raksha Bandhan
O1347,C451,P074,2025-03-02,4,Diwali
O1348,C162,P058,2025-07-12,4,Diwali
O1349,C019,P061,2025-01-17,2,Christmas
O1350,C338,P023,2025-06-05,2,Diwali
O1351,C221,P087,2025-03-10,3,Raksha Bandhan
O1352,C250,P029,2025-02-26,5,Diwali
O1353,C338,P045,2025-10-11,5,New Year
O1354,C241,P030,2025-09-01,5,Wedding
O1355,C260,P085,2025-01-29,4,Mother's Day
O1356,C254,P049,2025-10-30,4,New Year
O1357,C347,P042,2025-06-30,3,Father's Day
O1358,C032,P001,2025-01-15,5,Birthday
O1359,C066,P041,2025-07-07,3,New Year
O1360,C014,P021,2025-11-17,3,Raksha Bandhan
O1361,C050,P011,2025-08-08,3,Father's Day
O1362,C211,P011,2025-06-29,1,Valentine's Day
O1363,C127,P022,2025-05-01,3,New Year
O1364,C044,P057,2025-12-19,1,Mother's Day
O1365,C059,P044,2025-06-22,2,Birthday
O1366,C276,P050,2025-06-16,1,Diwali
O1367,C337,P014,2025-08-05,5,Christmas
O1368,C462,P017,2025-08-04,3,Birthday
O1369,C357,P055,2025-08-29,5,Birthday
O1370,C163,P047,2025-07-13,5,Raksha Bandhan
O1371,C166,P080,2025-10-21,1,Diwali
O1372,C052,P062,2025-12-20,2,Father's Day
O1373,C255,P024,2025-09-15,3,Wedding
O1374,C315,P041,2025-06-03,3,Raksha Bandhan
O1375,C104,P032,2025-09-12,1,Christmas
O1376,C110,P062,2025-05-28,3,Birthday
O1377,C153,P045,2025-10-21,4,Valentine's Day
O1378,C320,P089,2025-02-17,5,Anniversary
O1379,C304,P089,2025-06-22,3,Anniversary
O1380,C291,P004,2025-09-29,4,Raksha Bandhan
O1381,C108,P028,2025-06-27,1,Mother's Day
O1382,C259,P049,2025-06-03,4,Christmas
O1383,C161,P023,2025-04-13,4,Raksha Bandhan
O1384,C129,P073,2025-11-16,5,Diwali
O1385,C344,P049,2025-10-08,2,Birthday
O1386,C322,P001,2025-12-27,5,Wedding
O1387,C296,P029,2025-09-13,2,Diwali
O1388,C138,P076,2025-11-23,5,New Year
O1389,C437,P035,2025-08-11,5,Birthday
O1390,C268,P080,2025-04-13,3,Diwali
O1391,C076,P016,2025-05-04,2,Mother's Day
O1392,C433,P049,2025-08-11,4,Father's Day
O1393,C441,P071,2025-02-02,2,Raksha Bandhan
O1394,C137,P057,2025-05-27,2,Mother's Day
O1395,C352,P034,2025-11-04,2,Raksha Bandhan
O1396,C123,P077,2025-02-28,2,Valentine's Day
O1397,C015,P022,2025-05-06,3,Diwali
O1398,C249,P081,2025-10-14,4,Raksha Bandhan
O1399,C332,P097,2025-01-19,2,Wedding
O1400,C140,P025,2025-03-11,1,Mother's Day
O1401,C405,P003,2025-05-23,5,Wedding
O1402,C330,P058,2025-01-22,4,Birthday
O1403,C029,P082,2025-02-12,3,New Year
O1404,C153,P015,2025-02-02,4,Father's Day
O1405,C344,P060,2025-12-03,1,Raksha Bandhan
O1406,C483,P099,2025-03-13,2,Anniversary
O1407,C293,P064,2025-09-14,1,Christmas
O1408,C341,P046,2025-10-25,5,Mother's Day
O1409,C255,P026,2025-02-16,2,New Year
O1410,C063,P078,2025-06-10,3,New Year
O1411,C378,P092,2025-07-19,2,Raksha Bandhan
O1412,C112,P033,2025-03-15,1,Wedding
O1413,C110,P019,2025-05-21,4,Raksha Bandhan
O1414,C131,P028,2025-10-29,1,Diwali
O1415,C274,P072,2025-07-11,1,Father's Day
O1416,C280,P060,2025-08-05,4,Valentine's Day
O1417,C494,P016,2025-05-23,2,Father's Day
O1418,C244,P042,2025-07-08,3,Birthday
O1419,C331,P089,2025-11-07,1,Birthday
O1420,C354,P079,2025-12-10,2,Mother's Day
O1421,C283,P058,2025-07-16,3,Father's Day
O1422,C463,P034,2025-12-17,1,Christmas
O1423,C444,P075,2025-05-02,4,Raksha Bandhan
O1424,C005,P026,2025-07-21,3,Mother's Day
O1425,C047,P003,2025-05-01,3,Valentine's Day
O1426,C441,P040,2025-03-24,4,Father's Day
O1427,C451,P031,2025-11-26,4,Birthday
O1428,C141,P073,2025-02-11,4,Diwali
O1429,C378,P045,2025-07-31,3,Raksha Bandhan
O1430,C449,P054,2025-02-21,2,Mother's Day
O1431,C260,P009,2025-02-03,3,Raksha Bandhan
O1432,C309,P074,2025-10-08,3,Diwali
O1433,C356,P019,2025-01-15,1,Wedding
O1434,C323,P002,2025-08-16,2,Birthday
O1435,C206,P038,2025-04-13,3,Father's Day
O1436,C295,P034,2025-02-12,1,Wedding
O1437,C128,P033,2025-09-22,2,New Year
O1438,C352,P031,2025-07-30,3,Diwali
O1439,C245,P069,2025-03-10,3,Wedding
O1440,C352,P017,2025-10-31,3,Mother's Day
O1441,C102,P091,2025-02-13,4,Father's Day
O1442,C094,P018,2025-07-21,4,New Year
O1443,C115,P100,2025-01-11,1,Christmas
O1444,C332,P021,2025-11-10,2,Anniversary
O1445,C499,P035,2025-08-25,2,Mother's Day
O1446,C360,P012,2025-03-28,1,Raksha Bandhan
O1447,C317,P034,2025-08-08,5,Mother's Day
O1448,C077,P067,2025-02-15,3,Wedding
O1449,C485,P084,2025-10-18,1,Birthday
O1450,C368,P069,2025-09-27,4,Diwali
O1451,C424,P085,2025-12-11,4,Anniversary
O1452,C115,P099,2025-04-15,2,Mother's Day
O1453,C148,P028,2025-09-11,4,Wedding
O1454,C221,P030,2025-04-16,5,Valentine's Day
O1455,C422,P043,2025-05-25,2,Raksha Bandhan
O1456,C093,P085,2025-07-29,2,Birthday
O1457,C149,P060,2025-05-15,2,New Year
O1458,C231,P019,2025-05-08,3,New Year
O1459,C351,P095,2025-11-28,4,Anniversary
O1460,C006,P096,2025-08-29,2,Father's Day
O1461,C499,P064,2025-12-21,4,Valentine's Day
O1462,C366,P062,2025-07-16,4,New Year
O1463,C132,P094,2025-02-07,1,Christmas
O1464,C031,P014,2025-01-27,3,Valentine's Day
O1465,C242,P043,2025-07-01,5,New Year
O1466,C364,P030,2025-01-24,1,Mother's Day
O1467,C259,P084,2025-11-14,4,Mother's Day
O1468,C203,P008,2025-12-10,3,Wedding
O1469,C496,P082,2025-10-14,1,New Year
O1470,C092,P070,2025-05-14,2,Christmas
O1471,C253,P088,2025-06-23,4,Wedding
O1472,C046,P086,2025-06-12,5,Raksha Bandhan
O1473,C073,P034,2025-05-14,1,Father's Day
O1474,C023,P046,2025-03-07,4,Mother's Day
O1475,C383,P007,2025-07-04,4,Mother's Day
O1476,C463,P063,2025-05-15,5,Mother's Day
O1477,C265,P070,2025-06-10,4,Wedding
O1478,C162,P059,2025-09-09,2,Christmas
O1479,C437,P003,2025-12-03,4,Birthday
O1480,C097,P044,2025-03-18,1,Valentine's Day
O1481,C094,P057,2025-01-19,4,Mother's Day
O1482,C084,P016,2025-12-28,4,Raksha Bandhan
O1483,C060,P013,2025-09-11,1,Diwali
O1484,C183,P072,2025-12-30,5,Diwali
O1485,C235,P005,2025-09-10,1,Wedding
O1486,C064,P084,2025-06-28,1,Valentine's Day
O1487,C445,P018,2025-05-26,2,Wedding
O1488,C384,P079,2025-09-18,3,New Year
O1489,C457,P065,2025-12-06,5,Valentine's Day
O1490,C299,P024,2025-01-03,5,New Year
O1491,C093,P020,2025-08-02,1,Valentine's Day
O1492,C394,P038,2025-09-13,1,Father's Day
O1493,C014,P071,2025-05-26,1,Raksha Bandhan
O1494,C192,P046,2025-10-30,1,Father's Day
O1495,C079,P061,2025-01-15,1,Diwali
O1496,C426,P030,2025-12-29,4,Diwali
O1497,C322,P041,2025-05-18,5,Birthday
O1498,C169,P034,2025-01-23,5,Diwali
O1499,C167,P089,2025-10-19,2,Valentine's Day
O1500,C442,P019,2025-01-25,3,Father's Day
O1501,C409,P041,2025-01-29,1,Christmas
O1502,C488,P042,2025-11-05,4,Anniversary
O1503,C205,P067,2025-05-11,2,Valentine's Day
O1504,C495,P018,2025-07-24,1,Birthday
O1505,C437,P030,2025-04-17,2,Raksha Bandhan
O1506,C400,P033,2025-07-26,3,Wedding
O1507,C062,P073,2025-06-02,4,Raksha Bandhan
O1508,C377,P087,2025-06-08,5,Wedding
O1509,C184,P020,2025-12-07,1,Father's Day
O1510,C263,P033,2025-04-13,4,Diwali
O1511,C454,P016,2025-07-18,4,Mother's Day
O1512,C289,P078,2025-11-04,4,Anniversary
O1513,C388,P037,2025-08-05,3,New Year
O1514,C096,P020,2025-08-11,4,Anniversary
O1515,C021,P033,2025-09-20,3,Diwali
O1516,C347,P040,2025-04-25,2,Diwali
O1517,C270,P100,2025-11-19,5,Anniversary
O1518,C149,P093,2025-08-28,4,Anniversary
O1519,C465,P005,2025-09-02,3,Wedding
O1520,C066,P074,2025-12-17,3,Valentine's Day
O1521,C268,P022,2025-08-07,3,New Year
O1522,C025,P085,2025-10-10,1,Birthday
O1523,C263,P082,2025-02-25,5,Raksha Bandhan
O1524,C212,P029,2025-02-18,4,New Year
O1525,C417,P083,2025-05-10,3,Mother's Day
O1526,C300,P045,2025-02-11,5,Birthday
O1527,C059,P059,2025-12-05,4,Wedding
O1528,C403,P012,2025-04-04,4,Birthday
O1529,C043,P016,2025-08-02,3,Father's Day
O1530,C301,P024,2025-08-21,4,New Year
O1531,C414,P049,2025-05-16,3,Wedding
O1532,C109,P063,2025-04-05,1,New Year
O1533,C133,P031,2025-12-11,1,Raksha Bandhan
O1534,C274,P065,2025-01-10,1,Raksha Bandhan
O1535,C060,P023,2025-01-07,2,Diwali
O1536,C236,P052,2025-12-21,4,New Year
O1537,C372,P071,2025-09-07,3,New Year
O1538,C417,P029,2025-11-12,3,Raksha Bandhan
O1539,C412,P023,2025-06-04,1,Wedding
O1540,C070,P032,2025-01-08,2,Anniversary
O1541,C418,P063,2025-01-09,2,Birthday
O1542,C108,P026,2025-09-04,2,Valentine's Day
O1543,C224,P033,2025-11-17,5,Valentine's Day
O1544,C045,P021,2025-06-04,4,Wedding
O1545,C243,P095,2025-08-05,1,Anniversary
O1546,C086,P092,2025-03-20,4,Diwali
O1547,C242,P053,2025-01-11,4,New Year
O1548,C125,P058,2025-04-14,3,New Year
O1549,C425,P068,2025-07-20,1,Father's Day
O1550,C005,P016,2025-02-22,4,Raksha Bandhan
O1551,C435,P097,2025-09-11,5,New Year
O1552,C375,P011,2025-10-11,3,Birthday
O1553,C250,P047,2025-07-24,4,Christmas
O1554,C303,P092,2025-11-10,4,Valentine's Day
O1555,C366,P056,2025-02-01,5,Birthday
O1556,C217,P066,2025-10-23,3,Christmas
O1557,C033,P013,2025-05-18,4,Diwali
O1558,C060,P004,2025-09-11,5,Father's Day
O1559,C230,P041,2025-12-24,4,Birthday
O1560,C083,P031,2025-05-28,2,Diwali
O1561,C177,P030,2025-08-13,2,Christmas
O1562,C113,P017,2025-10-28,3,New Year
O1563,C437,P019,2025-12-03,4,Wedding
O1564,C453,P060,2025-05-31,4,Raksha Bandhan
O1565,C427,P043,2025-12-11,3,Diwali
O1566,C410,P006,2025-03-24,5,Valentine's Day
O1567,C145,P002,2025-12-20,1,Diwali
O1568,C067,P098,2025-03-30,2,Wedding
O1569,C311,P014,2025-09-09,1,Raksha Bandhan
O1570,C483,P052,2025-09-10,3,Valentine's Day
O1571,C108,P012,2025-10-13,1,Birthday
O1572,C184,P023,2025-05-14,3,Wedding
O1573,C090,P026,2025-09-15,1,Anniversary
O1574,C173,P077,2025-08-09,1,New Year
O1575,C117,P063,2025-03-03,5,Valentine's Day
O1576,C250,P045,2025-05-13,3,Father's Day
O1577,C394,P040,2025-01-24,5,Mother's Day
O1578,C459,P083,2025-03-19,5,New Year
O1579,C343,P007,2025-02-23,1,Diwali
O1580,C410,P058,2025-08-23,1,Anniversary
O1581,C401,P070,2025-11-09,5,Anniversary
O1582,C422,P069,2025-10-15,1,Christmas
O1583,C054,P006,2025-03-27,1,Valentine's Day
O1584,C467,P057,2025-07-05,2,Mother's Day
O1585,C363,P065,2025-08-15,5,Diwali
O1586,C376,P018,2025-02-20,2,Father's Day
O1587,C172,P050,2025-03-12,1,Valentine's Day
O1588,C225,P087,2025-08-01,1,Valentine's Day
O1589,C428,P051,2025-08-31,3,Mother's Day
O1590,C259,P072,2025-03-29,1,Mother's Day
O1591,C191,P040,2025-08-01,3,Valentine's Day
O1592,C078,P052,2025-09-29,4,Valentine's Day
O1593,C071,P094,2025-08-08,4,Raksha Bandhan
O1594,C460,P036,2025-08-23,5,Father's Day
O1595,C484,P053,2025-01-16,4,Wedding
O1596,C395,P051,2025-01-06,5,Anniversary
O1597,C044,P091,2025-06-23,3,Raksha Bandhan
O1598,C396,P091,2025-03-26,4,Birthday
O1599,C202,P009,2025-01-19,2,New Year
O1600,C030,P090,2025-11-20,5,Mother's Day
O1601,C215,P086,2025-07-25,5,Mother's Day
O1602,C370,P018,2025-06-10,3,Birthday
O1603,C424,P069,2025-05-24,5,New Year
O1604,C472,P083,2025-03-17,4,Diwali
O1605,C330,P064,2025-04-16,5,New Year
O1606,C404,P025,2025-11-13,4,Father's Day
O1607,C455,P078,2025-11-29,4,Valentine's Day
O1608,C452,P029,2025-06-04,1,Birthday
O1609,C276,P062,2025-06-21,4,Wedding
O1610,C267,P098,2025-10-04,3,Valentine's Day
O1611,C048,P097,2025-09-19,5,Mother's Day
O1612,C267,P002,2025-06-24,2,Birthday
O1613,C015,P078,2025-10-04,5,Mother's Day
O1614,C124,P020,2025-06-05,4,Christmas
O1615,C057,P071,2025-01-31,3,Mother's Day
O1616,C322,P052,2025-09-17,3,Anniversary
O1617,C025,P092,2025-11-30,1,Diwali
O1618,C153,P100,2025-10-21,1,Diwali
O1619,C174,P079,2025-05-01,5,New Year
O1620,C366,P048,2025-11-18,5,New Year
O1621,C120,P034,2025-06-29,3,Mother's Day
O1622,C342,P065,2025-10-21,2,Raksha Bandhan
O1623,C267,P064,2025-05-07,1,Father's Day
O1624,C265,P039,2025-10-26,2,Father's Day
O1625,C233,P046,2025-02-20,2,Raksha Bandhan
O1626,C425,P001,2025-07-30,1,Anniversary
O1627,C032,P030,2025-08-06,2,Diwali
O1628,C110,P019,2025-08-17,1,Father's Day
O1629,C347,P026,2025-09-27,4,New Year
O1630,C287,P053,2025-09-23,4,Mother's Day
O1631,C300,P040,2025-09-13,4,Diwali
O1632,C353,P058,2025-09-08,4,Wedding
O1633,C074,P027,2025-09-16,2,Diwali
O1634,C365,P074,2025-08-23,2,Christmas
O1635,C442,P069,2025-09-28,1,Valentine's Day
O1636,C234,P007,2025-08-31,1,Wedding
O1637,C484,P098,2025-10-14,3,Anniversary
O1638,C309,P098,2025-07-29,1,Anniversary
O1639,C190,P009,2025-10-20,3,Birthday
O1640,C268,P054,2025-03-20,1,Father's Day
O1641,C157,P057,2025-07-11,3,Mother's Day
O1642,C249,P021,2025-01-15,2,Wedding
O1643,C402,P014,2025-10-29,4,Birthday
O1644,C480,P091,2025-06-06,3,Valentine's Day
O1645,C094,P035,2025-09-08,1,Anniversary
O1646,C281,P037,2025-06-28,1,Birthday
O1647,C214,P032,2025-09-04,5,Mother's Day
O1648,C290,P016,2025-08-20,3,Raksha Bandhan
O1649,C244,P006,2025-11-07,2,Wedding
O1650,C259,P048,2025-11-22,4,Diwali
O1651,C342,P083,2025-08-18,2,Father's Day
O1652,C046,P053,2025-11-16,5,Raksha Bandhan
O1653,C199,P084,2025-04-30,4,Father's Day
O1654,C277,P060,2025-01-24,4,Mother's Day
O1655,C331,P100,2025-02-15,2,Birthday
O1656,C293,P052,2025-11-19,3,Christmas
O1657,C331,P064,2025-03-05,5,Anniversary
O1658,C099,P035,2025-11-13,5,New Year
O1659,C388,P003,2025-01-28,5,Christmas
O1660,C097,P079,2025-09-01,5,Birthday
O1661,C062,P039,2025-12-04,5,Wedding
O1662,C493,P048,2025-01-10,3,Valentine's Day
O1663,C126,P022,2025-12-28,5,Diwali
O1664,C044,P006,2025-10-01,5,Father's Day
O1665,C206,P019,2025-10-29,1,Diwali
O1666,C442,P046,2025-01-12,3,Raksha Bandhan
O1667,C093,P077,2025-08-01,1,Christmas
O1668,C163,P088,2025-07-15,3,Anniversary
O1669,C059,P004,2025-02-20,5,Wedding
O1670,C147,P074,2025-03-15,2,Mother's Day
O1671,C394,P045,2025-02-15,2,Mother's Day
O1672,C488,P011,2025-07-28,2,Birthday
O1673,C315,P068,2025-06-16,2,Birthday
O1674,C366,P045,2025-01-30,3,Raksha Bandhan
O1675,C051,P079,2025-06-13,2,Raksha Bandhan
O1676,C458,P054,2025-06-15,3,Raksha Bandhan
O1677,C483,P078,2025-03-03,1,Valentine's Day
O1678,C123,P092,2025-11-02,5,Valentine's Day
O1679,C253,P086,2025-09-18,5,Raksha Bandhan
O1680,C487,P098,2025-02-28,3,Birthday
O1681,C163,P028,2025-08-26,5,Raksha Bandhan
O1682,C034,P042,2025-09-05,1,Raksha Bandhan
O1683,C325,P073,2025-04-30,1,Mother's Day
O1684,C284,P047,2025-10-28,1,Valentine's Day
O1685,C391,P053,2025-10-12,2,Mother's Day
O1686,C291,P024,2025-07-28,4,Anniversary
O1687,C434,P095,2025-11-22,5,Valentine's Day
O1688,C401,P089,2025-03-14,3,Christmas
O1689,C087,P008,2025-05-06,5,Raksha Bandhan
O1690,C493,P020,2025-10-12,4,Birthday
O1691,C001,P074,2025-08-26,5,Mother's Day
O1692,C335,P018,2025-03-27,1,Birthday
O1693,C478,P019,2025-09-04,3,New Year
O1694,C129,P026,2025-12-15,4,Father's Day
O1695,C432,P023,2025-11-20,2,New Year
O1696,C431,P044,2025-09-19,3,Birthday
O1697,C083,P026,2025-10-01,5,Anniversary
O1698,C154,P019,2025-02-15,4,Anniversary
O1699,C426,P033,2025-03-13,5,Mother's Day
O1700,C450,P093,2025-08-10,2,New Year
O1701,C259,P052,2025-06-12,3,Mother's Day
O1702,C386,P014,2025-12-29,4,Mother's Day
O1703,C126,P087,2025-12-06,3,Father's Day
O1704,C108,P051,2025-08-24,5,Father's Day
O1705,C009,P079,2025-12-21,2,Birthday
O1706,C312,P023,2025-09-01,1,Birthday
O1707,C345,P092,2025-03-30,4,Christmas
O1708,C459,P095,2025-12-23,4,Raksha Bandhan
O1709,C276,P051,2025-02-11,1,Christmas
O1710,C016,P090,2025-12-10,4,Anniversary
O1711,C181,P013,2025-07-12,5,Father's Day
O1712,C199,P045,2025-04-01,1,Anniversary
O1713,C237,P064,2025-07-09,2,Diwali
O1714,C005,P044,2025-04-24,1,Mother's Day
O1715,C349,P062,2025-12-30,3,Valentine's Day
O1716,C047,P039,2025-11-11,3,Valentine's Day
O1717,C120,P047,2025-09-10,3,Birthday
O1718,C144,P049,2025-09-10,5,Valentine's Day
O1719,C004,P002,2025-04-11,4,Anniversary
O1720,C446,P074,2025-05-23,5,Christmas
O1721,C253,P055,2025-03-29,5,Valentine's Day
O1722,C338,P018,2025-10-17,5,New Year
O1723,C090,P040,2025-02-03,5,Wedding
O1724,C382,P074,2025-02-03,2,Mother's Day
O1725,C478,P051,2025-10-19,2,Christmas
O1726,C374,P006,2025-05-21,2,Birthday
O1727,C497,P078,2025-12-21,5,New Year
O1728,C130,P068,2025-12-15,5,Diwali
O1729,C002,P049,2025-08-07,1,Father's Day
O1730,C222,P003,2025-07-28,3,Anniversary
O1731,C349,P045,2025-09-23,4,Diwali
O1732,C186,P005,2025-09-22,1,Valentine's Day
O1733,C025,P074,2025-05-23,4,Christmas
O1734,C230,P024,2025-06-11,1,Raksha Bandhan
O1735,C100,P057,2025-06-21,1,New Year
O1736,C414,P009,2025-01-13,2,Raksha Bandhan
O1737,C491,P022,2025-02-08,2,Valentine's Day
O1738,C085,P094,2025-06-18,3,Anniversary
O1739,C321,P100,2025-11-17,1,Birthday
O1740,C246,P049,2025-08-10,1,New Year
O1741,C409,P065,2025-11-17,3,Mother's Day
O1742,C127,P009,2025-02-25,4,Valentine's Day
O1743,C491,P016,2025-06-24,1,Father's Day
O1744,C267,P031,2025-05-02,1,New Year
O1745,C318,P052,2025-08-13,1,Diwali
O1746,C297,P041,2025-03-05,1,Birthday
O1747,C470,P094,2025-01-18,4,Father's Day
O1748,C456,P070,2025-12-22,1,Wedding
O1749,C032,P013,2025-08-15,1,Mother's Day
O1750,C313,P090,2025-11-17,4,Anniversary
O1751,C053,P071,2025-12-13,1,Christmas
O1752,C027,P091,2025-05-31,4,Raksha Bandhan
O1753,C050,P014,2025-11-13,4,Valentine's Day
O1754,C443,P064,2025-11-03,5,Birthday
O1755,C233,P044,2025-07-16,4,Raksha Bandhan
O1756,C451,P028,2025-11-14,5,Anniversary
O1757,C174,P092,2025-11-30,1,Diwali
O1758,C265,P097,2025-06-18,5,Valentine's Day
O1759,C056,P003,2025-02-22,1,New Year
O1760,C366,P019,2025-02-04,5,Valentine's Day
O1761,C464,P063,2025-10-21,2,Christmas
O1762,C132,P077,2025-07-01,4,Diwali
O1763,C372,P026,2025-11-14,4,Wedding
O1764,C125,P051,2025-03-12,1,Birthday
O1765,C066,P021,2025-06-09,5,Raksha Bandhan
O1766,C263,P071,2025-11-30,3,Mother's Day
O1767,C299,P024,2025-10-05,2,Wedding
O1768,C241,P023,2025-06-08,5,Father's Day
O1769,C150,P007,2025-07-08,1,Christmas
O1770,C301,P027,2025-12-03,2,Birthday
O1771,C122,P009,2025-09-17,5,Birthday
O1772,C217,P056,2025-06-26,2,Valentine's Day
O1773,C328,P042,2025-04-14,1,Father's Day
O1774,C097,P008,2025-12-08,4,Diwali
O1775,C308,P079,2025-12-21,3,New Year
O1776,C290,P009,2025-06-21,5,Mother's Day
O1777,C215,P054,2025-06-18,2,Anniversary
O1778,C233,P008,2025-01-22,4,Valentine's Day
O1779,C472,P075,2025-01-02,2,Valentine's Day
O1780,C239,P051,2025-11-16,2,Valentine's Day
O1781,C247,P036,2025-06-19,4,Valentine's Day
O1782,C205,P093,2025-04-05,1,Father's Day
O1783,C006,P084,2025-02-07,3,Birthday
O1784,C285,P091,2025-02-28,2,Mother's Day
O1785,C226,P017,2025-04-10,5,Father's Day
O1786,C023,P058,2025-01-16,2,Valentine's Day
O1787,C146,P062,2025-03-31,2,Mother's Day
O1788,C369,P087,2025-03-31,3,Christmas
O1789,C126,P038,2025-04-02,2,Birthday
O1790,C091,P022,2025-05-15,1,Birthday
O1791,C426,P032,2025-12-13,2,Raksha Bandhan
O1792,C336,P029,2025-02-26,3,Valentine's Day
O1793,C157,P072,2025-08-22,2,Father's Day
O1794,C415,P039,2025-07-10,2,Christmas
O1795,C410,P019,2025-11-16,4,Anniversary
O1796,C061,P054,2025-03-15,2,Valentine's Day
O1797,C099,P046,2025-09-30,4,Father's Day
O1798,C163,P033,2025-11-03,4,Valentine's Day
O1799,C472,P052,2025-01-24,5,New Year
O1800,C097,P009,2025-10-02,3,Wedding
O1801,C168,P089,2025-05-07,1,Mother's Day
O1802,C447,P100,2025-03-06,5,New Year
O1803,C454,P090,2025-09-08,2,Anniversary
O1804,C402,P057,2025-08-29,5,Anniversary
O1805,C086,P057,2025-09-18,4,Christmas
O1806,C192,P100,2025-09-13,5,Diwali
O1807,C092,P043,2025-06-14,3,Christmas
O1808,C356,P016,2025-09-05,4,Diwali
O1809,C138,P061,2025-10-25,4,New Year
O1810,C333,P035,2025-01-19,2,Valentine's Day
O1811,C459,P076,2025-04-14,4,Valentine's Day
O1812,C203,P058,2025-04-22,3,Raksha Bandhan
O1813,C456,P069,2025-07-13,5,Wedding
O1814,C479,P078,2025-07-11,3,Christmas
O1815,C044,P057,2025-03-10,1,Mother's Day
O1816,C228,P093,2025-09-23,3,Valentine's Day
O1817,C299,P014,2025-01-22,4,Christmas
O1818,C319,P045,2025-06-22,4,Diwali
O1819,C240,P064,2025-08-10,4,Father's Day
O1820,C412,P032,2025-09-12,3,Mother's Day
O1821,C196,P075,2025-01-13,2,Diwali
O1822,C120,P040,2025-05-16,1,Father's Day
O1823,C462,P014,2025-02-12,3,Christmas
O1824,C263,P069,2025-10-07,1,Mother's Day
O1825,C475,P087,2025-04-27,1,Anniversary
O1826,C037,P087,2025-07-04,1,Christmas
O1827,C103,P083,2025-06-20,2,Father's Day
O1828,C129,P064,2025-06-04,3,Valentine's Day
O1829,C362,P062,2025-11-06,2,Christmas
O1830,C468,P057,2025-05-14,1,Mother's Day
O1831,C145,P078,2025-06-27,4,Raksha Bandhan
O1832,C421,P008,2025-10-24,1,Diwali
O1833,C335,P087,2025-09-20,2,Raksha Bandhan
O1834,C117,P021,2025-04-27,2,Diwali
O1835,C120,P060,2025-09-22,5,Christmas
O1836,C388,P002,2025-08-28,4,Father's Day
O1837,C406,P080,2025-02-13,3,Valentine's Day
O1838,C220,P090,2025-12-24,4,Valentine's Day
O1839,C225,P024,2025-08-19,5,Birthday
O1840,C192,P057,2025-03-13,5,Wedding
O1841,C157,P030,2025-01-05,4,Father's Day
O1842,C174,P017,2025-04-26,4,Raksha Bandhan
O1843,C352,P095,2025-07-26,5,Mother's Day
O1844,C167,P059,2025-10-28,1,New Year
O1845,C403,P056,2025-01-17,2,Wedding
O1846,C488,P037,2025-06-19,5,New Year
O1847,C468,P063,2025-11-08,5,Raksha Bandhan
O1848,C196,P003,2025-04-15,4,Anniversary
O1849,C274,P055,2025-07-17,2,Diwali
O1850,C056,P083,2025-06-18,5,Diwali
O1851,C328,P097,2025-06-05,1,Wedding
O1852,C054,P073,2025-12-12,5,Wedding
O1853,C017,P074,2025-12-19,5,Diwali
O1854,C014,P039,2025-04-06,2,Anniversary
O1855,C467,P027,2025-07-17,3,Valentine's Day
O1856,C120,P014,2025-05-30,5,Anniversary
O1857,C233,P094,2025-01-30,3,Christmas
O1858,C006,P007,2025-03-29,3,Raksha Bandhan
O1859,C201,P018,2025-03-22,1,Wedding
O1860,C275,P051,2025-08-03,4,Anniversary
O1861,C200,P070,2025-04-16,2,Valentine's Day
O1862,C159,P031,2025-08-10,4,Wedding
O1863,C310,P090,2025-10-22,3,New Year
O1864,C104,P036,2025-09-15,4,Mother's Day
O1865,C104,P044,2025-01-04,2,Diwali
O1866,C033,P043,2025-07-24,5,Valentine's Day
O1867,C270,P038,2025-06-18,5,Diwali
O1868,C236,P008,2025-08-25,5,Birthday
O1869,C378,P058,2025-02-16,3,Diwali
O1870,C178,P091,2025-12-25,3,Raksha Bandhan
O1871,C314,P043,2025-03-31,4,Valentine's Day
O1872,C092,P037,2025-11-13,4,Diwali
O1873,C197,P013,2025-12-04,2,New Year
O1874,C049,P018,2025-07-21,1,Valentine's Day
O1875,C454,P081,2025-03-22,3,Christmas
O1876,C150,P016,2025-12-08,1,Valentine's Day
O1877,C466,P001,2025-09-10,4,Christmas
O1878,C063,P031,2025-07-08,1,Anniversary
O1879,C259,P010,2025-06-16,4,Diwali
O1880,C085,P017,2025-05-10,2,Christmas
O1881,C023,P010,2025-08-25,1,Anniversary
O1882,C328,P040,2025-12-22,4,Raksha Bandhan
O1883,C176,P080,2025-07-24,2,Raksha Bandhan
O1884,C020,P078,2025-01-06,3,Anniversary
O1885,C364,P015,2025-03-11,3,Diwali
O1886,C249,P021,2025-08-25,1,Anniversary
O1887,C281,P053,2025-12-03,2,Diwali
O1888,C072,P043,2025-08-30,3,Wedding
O1889,C088,P094,2025-01-10,5,Anniversary
O1890,C091,P047,2025-05-31,1,Christmas
O1891,C380,P055,2025-07-20,2,Anniversary
O1892,C344,P098,2025-01-06,3,Wedding
O1893,C226,P021,2025-07-03,2,Valentine's Day
O1894,C366,P028,2025-01-18,5,Valentine's Day
O1895,C227,P023,2025-12-23,1,Christmas
O1896,C329,P049,2025-12-06,1,Raksha Bandhan
O1897,C354,P085,2025-06-07,4,Birthday
O1898,C307,P044,2025-01-03,1,Raksha Bandhan
O1899,C393,P024,2025-04-14,2,Father's Day
O1900,C466,P037,2025-05-03,2,Anniversary
O1901,C009,P093,2025-08-04,1,Birthday
O1902,C173,P097,2025-04-09,1,Valentine's Day
O1903,C491,P003,2025-02-19,2,Wedding
O1904,C023,P006,2025-08-01,5,Anniversary
O1905,C418,P052,2025-06-17,3,Christmas
O1906,C321,P016,2025-04-08,5,Valentine's Day
O1907,C479,P028,2025-10-05,4,Raksha Bandhan
O1908,C062,P034,2025-04-29,2,Anniversary
O1909,C183,P041,2025-06-15,2,Birthday
O1910,C206,P054,2025-12-01,3,Birthday
O1911,C200,P006,2025-04-19,4,Valentine's Day
O1912,C034,P024,2025-12-03,3,New Year
O1913,C189,P095,2025-01-23,1,Valentine's Day
O1914,C211,P034,2025-06-04,5,Diwali
O1915,C053,P049,2025-12-31,5,New Year
O1916,C088,P031,2025-05-09,1,New Year
O1917,C167,P009,2025-11-20,4,Wedding
O1918,C171,P022,2025-03-31,3,Diwali
O1919,C035,P061,2025-06-21,1,New Year
O1920,C467,P082,2025-10-27,4,Raksha Bandhan
O1921,C262,P004,2025-11-24,2,Christmas
O1922,C301,P039,2025-12-27,1,Valentine's Day
O1923,C011,P062,2025-11-12,1,Mother's Day
O1924,C122,P082,2025-08-08,2,New Year
O1925,C041,P066,2025-01-31,2,Father's Day
O1926,C256,P070,2025-06-01,2,Wedding
O1927,C193,P100,2025-04-15,1,Valentine's Day
O1928,C473,P075,2025-11-03,4,Father's Day
O1929,C069,P053,2025-05-23,3,Birthday
O1930,C267,P060,2025-08-01,3,Birthday
O1931,C118,P030,2025-06-19,3,Valentine's Day
O1932,C106,P030,2025-10-04,1,Valentine's Day
O1933,C411,P062,2025-12-18,2,New Year
O1934,C447,P001,2025-07-15,5,Father's Day
O1935,C094,P003,2025-08-15,1,Anniversary
O1936,C446,P099,2025-09-09,1,Valentine's Day
O1937,C027,P056,2025-11-21,2,Valentine's Day
O1938,C065,P066,2025-02-16,2,New Year
O1939,C282,P063,2025-04-15,2,Christmas
O1940,C041,P089,2025-08-07,4,Mother's Day
O1941,C085,P031,2025-04-12,2,Raksha Bandhan
O1942,C091,P070,2025-11-07,2,Mother's Day
O1943,C147,P078,2025-10-23,4,Valentine's Day
O1944,C140,P032,2025-09-04,1,Father's Day
O1945,C204,P064,2025-07-13,2,Diwali
O1946,C226,P021,2025-08-05,5,New Year
O1947,C377,P046,2025-08-10,2,Diwali
O1948,C011,P021,2025-07-15,4,Anniversary
O1949,C389,P077,2025-06-03,5,Christmas
O1950,C079,P006,2025-10-11,2,Mother's Day
O1951,C195,P032,2025-08-26,3,Diwali
O1952,C146,P067,2025-07-12,5,New Year
O1953,C247,P022,2025-02-06,3,Wedding
O1954,C367,P031,2025-08-29,2,Wedding
O1955,C470,P019,2025-04-08,1,Birthday
O1956,C442,P033,2025-09-14,3,Diwali
O1957,C208,P100,2025-08-01,4,Father's Day
O1958,C197,P084,2025-09-08,3,New Year
O1959,C037,P098,2025-07-29,1,Anniversary
O1960,C198,P041,2025-10-17,2,Valentine's Day
O1961,C391,P080,2025-08-12,3,Father's Day
O1962,C261,P071,2025-12-30,4,Father's Day
O1963,C357,P064,2025-01-30,4,Raksha Bandhan
O1964,C377,P067,2025-05-07,2,Diwali
O1965,C018,P066,2025-07-05,1,Wedding
O1966,C134,P091,2025-11-06,4,Wedding
O1967,C131,P098,2025-05-07,5,New Year
O1968,C488,P092,2025-12-06,2,Birthday
O1969,C060,P072,2025-02-17,4,Raksha Bandhan
O1970,C362,P077,2025-10-28,1,Christmas
O1971,C466,P091,2025-04-07,4,Wedding
O1972,C425,P071,2025-08-07,3,Mother's Day
O1973,C257,P061,2025-09-30,4,New Year
O1974,C158,P071,2025-07-30,1,Anniversary
O1975,C326,P041,2025-10-21,3,Wedding
O1976,C138,P096,2025-04-18,4,Mother's Day
O1977,C004,P093,2025-03-28,4,Birthday
O1978,C050,P091,2025-02-05,4,Christmas
O1979,C214,P041,2025-12-02,3,Raksha Bandhan
O1980,C088,P077,2025-04-01,3,Wedding
O1981,C361,P033,2025-03-10,2,Diwali
O1982,C094,P023,2025-09-15,1,Diwali
O1983,C291,P066,2025-04-19,2,Valentine's Day
O1984,C031,P015,2025-04-04,2,Mother's Day
O1985,C462,P094,2025-07-29,4,New Year
O1986,C056,P007,2025-11-22,2,Anniversary
O1987,C151,P099,2025-02-13,4,Anniversary
O1988,C142,P099,2025-02-02,3,Birthday
O1989,C300,P050,2025-05-01,4,Diwali
O1990,C345,P100,2025-02-21,1,Birthday
O1991,C137,P010,2025-01-04,5,Birthday
O1992,C050,P003,2025-04-19,5,Birthday
O1993,C193,P025,2025-11-05,5,Mother's Day
O1994,C478,P049,2025-09-06,4,Father's Day
O1995,C310,P074,2025-08-08,3,Father's Day
O1996,C350,P040,2025-06-25,3,Valentine's Day
O1997,C482,P020,2025-07-04,4,Raksha Bandhan
O1998,C313,P020,2025-01-30,3,Father's Day
O1999,C413,P054,2025-02-21,1,Diwali
O2000,C446,P023,2025-12-24,4,Wedding
